{
  "key.screen.story.open": "打开故事管理器",
  "key.categories.narrativecraft": "叙事工艺",
  "key.animation.record.start": "开始动画录制",
  "key.animation.record.stop": "停止动画录制",
  "key.cutscene.keyframes.create_group": "创建关键帧组",
  "key.cutscene.keyframes.add_keyframe": "添加关键帧",
  "key.screen.keyframe_controller": "关键帧控制器屏幕切换",
  "key.dialog.next": "下一段对话",
  "key.choice.1": "选择选项1",
  "key.choice.2": "选择选项2",
  "key.choice.3": "选择选项3",
  "key.choice.4": "选择选项4",
  "key.story_debug": "故事调试界面",
  "narrativecraft.crash.global-message": "叙事工艺模组发生意外错误。",
  "narrativecraft.crash.narrative-data": "在从世界初始化叙事数据时发生意外错误。",
  "narrativecraft.global.name": "名称",
  "narrativecraft.global.description": "描述",
  "narrativecraft.global.add": "添加",
  "narrativecraft.global.remove": "移除",
  "narrativecraft.global.close": "关闭",
  "narrativecraft.global.update": "更新",
  "narrativecraft.global.error": "错误",
  "narrativecraft.global.confirm_delete": "你确定吗？此操作无法撤销！",
  "narrativecraft.global.animation": "动画",
  "narrativecraft.global.animations": "动画",
  "narrativecraft.global.subscene": "子场景",
  "narrativecraft.global.subscenes": "子场景",
  "narrativecraft.global.npc": "NPC",
  "narrativecraft.global.camera_angle": "摄像机角度",
  "narrativecraft.global.cutscene": "过场动画",
  "narrativecraft.global.cutscenes": "过场动画",
  "narrativecraft.global.interaction": "互动",
  "narrativecraft.global.dev_env": "欢迎来到开发环境！尽情创作吧 :p",
  "narrativecraft.global.line": "对话行",
  "narrativecraft.file.main_ink_warning": "主Ink文件，请勿在此处编写！如需编写变量或函数，请使用各自独立的文件。",
  "narrativecraft.file.vars_placeholder": "在此处编写你的变量。",
  "narrativecraft.file.funcs_placeholder": "在此处编写你的函数。",
  "narrativecraft.story.stopped": "故事已停止。",
  "narrativecraft.story.not_playing": "故事未在播放。",
  "narrativecraft.session.set": "你的会话现已设置为 §l第 %d 章§r 和 §l场景 %s。",
  "narrativecraft.session.set_to_player": "会话现已为 %s 设置为 §l第 %d 章§r 和 §l场景 %s。",
  "narrativecraft.session.not_set": "你尚未设置会话。",
  "narrativecraft.session.player_not_set": "%s 尚未设置会话。",
  "narrativecraft.session.controller_set": "你正处于控制器中，如需访问请先退出。",
  "narrativecraft.session.cleared": "会话已清除。",
  "narrativecraft.record.start.success": "录制已开始...",
  "narrativecraft.record.start.already_recording": "你当前正在录制中。",
  "narrativecraft.record.start.no_session": "你需要先设置章节和场景会话。",
  "narrativecraft.record.stop.success": "录制已停止。",
  "narrativecraft.record.stop.no_recording": "你当前没有在录制。",
  "narrativecraft.record.save.success": "已将动画 %s 保存至第 %d 章的场景 %s。",
  "narrativecraft.record.save.overwrite": "第 %d 章场景 %s 的动画 %s 已存在，是否覆盖？再次输入命令以确认覆盖。",
  "narrativecraft.record.save.recorded_nothing": "你未录制任何内容！",
  "narrativecraft.record.save.stop_record_before_save": "请先停止录制再保存。",
  "narrativecraft.record.save.fail": "保存第 %d 章场景 %s 的动画 %s 时出错！",
  "narrativecraft.record.start.with_subscenes": "包含子场景 %s。",
  "narrativecraft.playback.animation.play": "正在播放动画 %s...",
  "narrativecraft.playback.animation.stop": "已停止动画 %s。",
  "narrativecraft.playback.animation.not_playing": "动画 %s 未在播放。",
  "narrativecraft.playback.subscene.play": "正在播放子场景 %s...",
  "narrativecraft.playback.subscene.stop": "已停止子场景 %s。",
  "narrativecraft.playback.subscene.not_playing": "子场景 %s 未在播放。",
  "narrativecraft.playbacks.not_playing": "当前没有正在播放的回放。",
  "narrativecraft.playback.stop_all": "所有回放已停止。",
  "narrativecraft.chapter.already_exists": "故事中已存在第 %s 章。",
  "narrativecraft.scene.rank": "等级",
  "narrativecraft.scene.already_exists": "该章节中已存在场景 %s。",
  "narrativecraft.scene.rank_above_scenes_size": "你的等级值超出了场景数量。",
  "narrativecraft.scene.rank_no_under_one": "等级值不能低于1。",
  "narrativecraft.animation.already_exists": "场景 %s 中已存在动画 %s。",
  "narrativecraft.animation.no_exists": "场景 %s 中不存在动画 %s。",
  "narrativecraft.animation.playing": "正在播放场景 %s 的动画 %s...",
  "narrativecraft.animation.no_character_linked": "动画 %s 未关联角色，无法启动。",
  "narrativecraft.subscene.already_exists": "场景 %s 中已存在子场景 %s",
  "narrativecraft.subscene.no_exists": "场景 %s 中不存在子场景 %s。",
  "narrativecraft.subscene.playing": "正在播放场景 %s 的子场景 %s...",
  "narrativecraft.cutscene.already_exists": "场景 %s 中已存在过场动画 %s",
  "narrativecraft.cutscene.no_exists": "场景 %s 中不存在过场动画 %s",
  "narrativecraft.camera_angle.already_exists": "%s 中已存在摄像机角度 %s。",
  "narrativecraft.camera_angle.no_exists": "%s 中不存在摄像机角度 %s。",
  "narrativecraft.camera_angle.keyframe_no_exists": "%s 中不存在摄像机角度关键帧 %s。",
  "narrativecraft.camera_angle.name_no_empty": "名称不能为空。",
  "narrativecraft.character.already_exists": "故事中已存在角色 %s。",
  "narrativecraft.character.no_exists": "角色 %s 不存在。",
  "narrativecraft.character.must_link_character": "你必须选择一个角色。",
  "narrativecraft.character.change_pose": "更改角色姿势",
  "narrativecraft.character.change_skin": "更改角色皮肤",
  "narrativecraft.controller.confirm_leaving": "你确定要不保存就离开吗？",
  "narrativecraft.controller.saved": "保存成功！",
  "narrativecraft.controller.cutscene.hud_tick": "过场动画控制器。帧数 %s/%s",
  "narrativecraft.controller.cutscene.hud_no_tick": "过场动画控制器。",
  "narrativecraft.controller.cutscene.keyframe_group_created": "关键帧组 #%s 已创建。",
  "narrativecraft.controller.cutscene.keyframe_group.start_text": "组 #%s。",
  "narrativecraft.controller.cutscene.keyframe_created": "已为组 #%s 创建关键帧 #%s。",
  "narrativecraft.controller.cutscene.changed_time_skip_value": "跳过值现已设置为 %d 秒",
  "narrativecraft.controller.cutscene.settings.screen_name": "过场动画设置",
  "narrativecraft.controller.cutscene.settings.time_skip": "更改时间跳过",
  "narrativecraft.controller.cutscene.settings.select_group": "选择关键帧组",
  "narrativecraft.controller.cutscene.settings.select_group_name": "关键帧组 #%d",
  "narrativecraft.controller.cutscene.settings.select_group_name_selected": "关键帧组 #%d（已选中）",
  "narrativecraft.controller.cutscene.settings.group_selected": "关键帧组 #%d 已选中。",
  "narrativecraft.controller.camera_angle.hud": "摄像机角度控制器",
  "narrativecraft.controller.camera_angle.add_character": "向 %s 添加角色",
  "narrativecraft.controller.camera_angle.template_character": "向 %s 添加模板角色",
  "narrativecraft.controller.main_screen.hud": "主屏幕控制器",
  "narrativecraft.controller.main_screen.only_one_keyframe": "仅允许一个关键帧",
  "narrativecraft.controller.main_screen.only_one_keyframe_trigger": "仅允许一个关键帧触发器",
  "narrativecraft.tooltip.character_entity_type": "更改实体类型",
  "narrativecraft.tooltip.create_keyframe_group": "创建关键帧组",
  "narrativecraft.tooltip.create_keyframe": "创建关键帧",
  "narrativecraft.tooltip.create_keyframe_trigger": "创建关键帧触发器",
  "narrativecraft.tooltip.add_character": "添加角色",
  "narrativecraft.tooltip.template_character": "模板角色",
  "narrativecraft.tooltip.cutscene_settings": "过场动画设置",
  "narrativecraft.tooltip.save": "保存",
  "narrativecraft.tooltip.leave_without_saving": "不保存离开",
  "narrativecraft.screen.story_manager.chapter_list": "章节",
  "narrativecraft.screen.story_manager.scene_list": "第 %s 章的场景",
  "narrativecraft.screen.story_manager.scene_menu": "%s 的场景菜单",
  "narrativecraft.screen.story_manager.animation_list": "场景 %s 的动画",
  "narrativecraft.screen.story_manager.subscene_list": "场景 %s 的子场景",
  "narrativecraft.screen.story_manager.cutscene_list": "场景 %s 的过场动画",
  "narrativecraft.screen.story_manager.camera_angle_list": "场景 %s 的摄像机角度",
  "narrativecraft.screen.story_manager.characters": "角色",
  "narrativecraft.screen.story_manager.npcs": "场景 %s 的NPC",
  "narrativecraft.screen.story_manager.link_animation_character": "将动画关联到角色",
  "narrativecraft.screen.story_manager.subscene_cutscene_link": "将子场景关联到过场动画",
  "narrativecraft.screen.story_manager.animation_cutscene_link": "将动画关联到过场动画",
  "narrativecraft.screen.story_manager.subscene_animation_link": "将动画关联到子场景",
  "narrativecraft.screen.edit_info.name_must": "你必须设置一个名称！",
  "narrativecraft.screen.pick.subscene.title": "子场景 %s 的 %s 选择器",
  "narrativecraft.screen.pick.cutscene.title": "过场动画 %s 的 %s 选择器",
  "narrativecraft.screen.keyframe_advanced.name": "高级设置",
  "narrativecraft.screen.keyframe_advanced.easings": "缓动效果",
  "narrativecraft.screen.keyframe_option.up_down": "上下: %.2f",
  "narrativecraft.screen.keyframe_option.left_right": "左右 %.2f",
  "narrativecraft.screen.keyframe_option.rotation": "旋转: %d",
  "narrativecraft.screen.keyframe_option.fov": "缩放: %.2f",
  "narrativecraft.screen.keyframe_option.update": "更新",
  "narrativecraft.screen.keyframe_option.advanced": "高级",
  "narrativecraft.screen.keyframe_option.play_from_here": "从此处播放",
  "narrativecraft.screen.keyframe_option.start_delay": "开始延迟：",
  "narrativecraft.screen.keyframe_option.path_time": "路径时间：",
  "narrativecraft.screen.keyframe_option.transition_delay": "过渡延迟：",
  "narrativecraft.screen.keyframe_option.speed": "速度：",
  "narrativecraft.screen.keyframe_option.keyframe_group": "组 %d",
  "narrativecraft.screen.keyframe_option.keyframe_id": "关键帧ID #%d",
  "narrativecraft.screen.main_screen.play": "播放",
  "narrativecraft.screen.main_screen.cant_play_tooltip": "无可用章节或场景。",
  "narrativecraft.screen.main_screen.new_game": "新游戏",
  "narrativecraft.screen.main_screen.new_game.confirm": "你确定吗？这将清除你的存档数据。",
  "narrativecraft.screen.main_screen.continue": "继续",
  "narrativecraft.screen.main_screen.select_screen": "选择场景",
  "narrativecraft.screen.main_screen.options": "选项",
  "narrativecraft.screen.main_screen.minecraft_options": "Minecraft选项",
  "narrativecraft.screen.main_screen.quit": "退出",
  "narrativecraft.screen.main_screen.loading": "加载中...",
  "narrativecraft.screen.main_screen.dev_tip": "要退出此屏幕并进入开发模式，请按 5 次 LEFT_CTRL",
  "narrativecraft.screen.main_screen.pause.load_last_save": "加载上次存档",
  "narrativecraft.screen.main_screen.pause.skip_cutscene": "跳过过场动画",
  "narrativecraft.screen.main_screen.pause.leave": "离开",
  "narrativecraft.screen.main_screen.options.dialog_speed": "文本速度：%s",
  "narrativecraft.screen.main_screen.options.auto_skip": "自动跳过",
  "narrativecraft.screen.chapter_manager.title": "章节列表",
  "narrativecraft.screen.scene_manager.title": "第 %d 章的场景列表",
  "narrativecraft.screen.story_options.title": "故事选项",
  "narrativecraft.screen.story_options.main_screen": "主屏幕控制器",
  "narrativecraft.screen.story_options.dialog": "对话值",
  "narrativecraft.screen.story_options.world_options": "世界选项",
  "narrativecraft.screen.world_options.title": "世界选项",
  "narrativecraft.screen.world_options.finished_story": "故事已完成：%s",
  "narrativecraft.screen.world_options.show_main_screen": "显示主屏幕：%s",
  "narrativecraft.screen.world_options.show_credits_screen": "显示制作人员名单：%s",
  "narrativecraft.screen.crash.title": "哎呀！发生崩溃了...",
  "narrativecraft.screen.crash.message": "原因：",
  "narrativecraft.screen.finished_story.line_1": "感谢游玩！",
  "narrativecraft.screen.finished_story.line_2": "你现在可以选择特定场景了",
  "narrativecraft.screen.change_skin_link.title": "更改角色 %s 的皮肤",
  "narrativecraft.screen.nc_incompatible": "叙事工艺世界版本与Minecraft版本不一致。继续操作可能导致问题，但会更新叙事工艺世界版本。",
  "narrativecraft.ink_action.no_exists": "无法识别此标签。",
  "narrativecraft.ink_action.not_authorized": "标签 %s 未被授权。",
  "narrativecraft.ink_action.validation.miss_argument": "缺少必需参数 [%s]",
  "narrativecraft.ink_action.validation.wrong_argument": "参数错误：%s",
  "narrativecraft.ink_action.validation.wrong_time_value": "仅允许使用秒、分、小时。",
  "narrativecraft.ink_action.validation.wrong_easing_value": "仅允许使用 %s 缓动效果。",
  "narrativecraft.ink_action.validation.boolean": "%s 不是有效的布尔值。",
  "narrativecraft.ink_action.validation.number": "%s 不是有效的数字。",
  "narrativecraft.ink_action.validation.color": "%s 不是有效的颜色。",
  "narrativecraft.ink_action.validation.sound": "%s %s 未注册，运行时将不会播放。",
  "narrativecraft.ink_action.validation.not_validated": "无法运行 ink 动作 %s，因为它未通过验证。",
  "narrativecraft.validation.chapter_file_no_exists": "章节 %s 没有 ink 文件，无法继续验证。",
  "narrativecraft.validation.scene_file_no_exists": "第 %s 章的场景 %s 没有 ink 文件，无法继续验证。",
  "narrativecraft.validation.validating": "正在验证...",
  "narrativecraft.validation.found_errors": "验证返回了 %s 个错误。",
  "narrativecraft.validation.found_warns": "验证返回了 %s 个警告。",
  "narrativecraft.validation.validated": "已成功通过验证。",
  "narrativecraft.validation.quick_edit": "点击快速编辑",
  "narrativecraft.validation.on_enter_required": "“# on enter”标签在结点后是必需的，否则故事无法正确继续！",
  "narrativecraft.validation.from_main_screen": "故事存在错误，无法启动。请检查 Minecraft 日志并发送给故事作者"
}