{
  "vulkanmod-extra.pages.animations": "动画",
  "vulkanmod-extra.pages.particles": "粒子效果",
  "vulkanmod-extra.pages.details": "详细信息",
  "vulkanmod-extra.pages.render": "渲染",
  "vulkanmod-extra.pages.extra": "额外",
  "vulkanmod-extra.option.animation": "动画控制",
  "vulkanmod-extra.option.animation.tooltip": "针对各个游戏动画的精细控制。每种动画类型均可独立开关，实现最大程度的自定义，非常适合性能优化或满足审美偏好。",
  "vulkanmod-extra.option.animation.allAnimations": "全部动画",
  "vulkanmod-extra.option.animation.allAnimations.tooltip": "全局开关：关闭时禁用所有动画，开启时允许单独设置各类动画。通过一键关闭所有纹理动画，可快速提升性能。",
  "vulkanmod-extra.option.animation.water": "水流动画",
  "vulkanmod-extra.option.animation.water.tooltip": "控制海洋、河流和瀑布中的水流与波浪动画效果。禁用后将移除流动动画，但水的物理效果仍保持不变。",
  "vulkanmod-extra.option.animation.lava": "熔岩动画",
  "vulkanmod-extra.option.animation.lava.tooltip": "控制熔岩方块和熔岩瀑布的冒泡与流动动画。禁用后熔岩将变为静态，仍会造成伤害，但失去视觉上的流动效果。",
  "vulkanmod-extra.option.animation.fire": "火焰动画",
  "vulkanmod-extra.option.animation.fire.tooltip": "控制火把、营火、熔炉和火焰方块上的闪烁火焰效果。禁用后火焰变为静态，但火焰蔓延机制保持不变。",
  "vulkanmod-extra.option.animation.portal": "传送门动画",
  "vulkanmod-extra.option.animation.portal.tooltip": "控制下界与末地传送门中的紫色漩涡粒子效果。禁用后将移除视觉上的传送门特效，但传送功能仍正常运作。",
  "vulkanmod-extra.option.animation.sculk_sensor": "幽匿感测体动画",
  "vulkanmod-extra.option.animation.sculk_sensor.tooltip": "控制幽匿感测体在检测到振动时的红石信号脉冲动画。禁用后移除视觉反馈，但感测体功能仍正常运作。",
  "vulkanmod-extra.option.animation.block_animations": "方块动画",
  "vulkanmod-extra.option.animation.block_animations.tooltip": "控制可交互方块的动画效果，如箱子开合、门扇摆动、音符盒播放等。禁用可提升性能，但会移除方块交互时的视觉反馈。",
  "vulkanmod-extra.option.animation.water_still": "静水",
  "vulkanmod-extra.option.animation.water_still.tooltip": "控制湖泊、池塘及其他平静水域中水的细微动画效果。禁用后水面将完全静止，但仍保留水的物理特性和透明效果。",
  "vulkanmod-extra.option.animation.water_flow": "流动水",
  "vulkanmod-extra.option.animation.water_flow.tooltip": "控制河流、瀑布及水流扩散时的流动动画。禁用后流动的水将变为静态，但水流的移动机制仍保持不变。",
  "vulkanmod-extra.option.animation.lava_still": "静止熔岩",
  "vulkanmod-extra.option.animation.lava_still.tooltip": "控制静止熔岩方块的冒泡动画。禁用后熔岩池将变为静态，但仍保留熔岩的伤害效果和发光特性。",
  "vulkanmod-extra.option.animation.lava_flow": "流动熔岩",
  "vulkanmod-extra.option.animation.lava_flow.tooltip": "控制流动熔岩流和熔岩瀑布的流动动画。禁用后流动熔岩将变为静态，但熔岩的蔓延机制和伤害效果仍保持不变。",
  "vulkanmod-extra.option.animation.fire0": "火焰帧 0",
  "vulkanmod-extra.option.animation.fire0.tooltip": "控制火焰方块的主要闪烁模式。此帧提供基础火焰动画，是实现动态火焰外观的关键。",
  "vulkanmod-extra.option.animation.fire1": "火焰帧 1",
  "vulkanmod-extra.option.animation.fire1.tooltip": "控制火焰方块的次要闪烁模式。此帧与帧0交替显示，以营造逼真的火焰动态效果。",
  "vulkanmod-extra.option.animation.soul_fire": "灵魂火焰动画",
  "vulkanmod-extra.option.animation.soul_fire.tooltip": "控制灵魂火焰方块的蓝色闪烁动画。禁用后灵魂火焰变为静态，但仍保留蓝色色调和发光特性。",
  "vulkanmod-extra.option.animation.soul_fire0": "灵魂火焰帧 0",
  "vulkanmod-extra.option.animation.soul_fire0.tooltip": "控制灵魂火焰的主要蓝色闪烁模式。此帧为灵魂火焰缥缈外观提供基础动画效果。",
  "vulkanmod-extra.option.animation.soul_fire1": "灵魂火焰帧 1",
  "vulkanmod-extra.option.animation.soul_fire1.tooltip": "控制灵魂火焰的次要蓝色闪烁模式。此帧营造出灵魂火焰独有的神秘动态效果。",
  "vulkanmod-extra.option.animation.campfire_fire": "营火火焰",
  "vulkanmod-extra.option.animation.campfire_fire.tooltip": "控制点燃的营火上方跃动的火焰动画。禁用后营火火焰变为静态，但烹饪功能和发光效果仍保持不变。",
  "vulkanmod-extra.option.animation.soul_campfire_fire": "灵魂营火火焰",
  "vulkanmod-extra.option.animation.soul_campfire_fire.tooltip": "控制点燃的灵魂营火上方跃动的蓝色火焰动画。禁用后灵魂火焰变为静态，但蓝色辉光和烹饪功能仍保持不变。",
  "vulkanmod-extra.option.animation.lantern": "灯笼辉光",
  "vulkanmod-extra.option.animation.lantern.tooltip": "控制悬挂在方块下方的灯笼的轻微摇曳动画。禁用后灯笼变为静态，但发光效果和功能仍保持不变。",
  "vulkanmod-extra.option.animation.soul_lantern": "灵魂灯笼辉光",
  "vulkanmod-extra.option.animation.soul_lantern.tooltip": "控制灵魂灯笼的蓝色调摇曳动画。禁用后灵魂灯笼变为静态，但蓝色光芒和功能仍保持不变。",
  "vulkanmod-extra.option.animation.sea_lantern": "海晶灯脉动",
  "vulkanmod-extra.option.animation.sea_lantern.tooltip": "控制水下海晶灯的柔和脉动动画。禁用后海晶灯变为静态，但明亮的发光效果仍保持不变。",
  "vulkanmod-extra.option.animation.nether_portal": "下界传送门漩涡",
  "vulkanmod-extra.option.animation.nether_portal.tooltip": "控制下界传送门内部标志性的紫色漩涡动画。禁用后传送门内部变为静态，但传送功能仍正常运作。",
  "vulkanmod-extra.option.animation.end_portal": "末地传送门星芒",
  "vulkanmod-extra.option.animation.end_portal.tooltip": "控制末地传送门框架内的星空动画。禁用后末地传送门变为静态，但传送到末地维度的功能仍正常运作。",
  "vulkanmod-extra.option.animation.end_gateway": "末地折跃门光束",
  "vulkanmod-extra.option.animation.end_gateway.tooltip": "控制末地折跃门的能量光束动画。禁用后折跃门变为静态，但岛屿间传送功能仍正常运作。",
  "vulkanmod-extra.option.animation.magma": "岩浆块冒泡",
  "vulkanmod-extra.option.animation.magma.tooltip": "控制岩浆块表面的熔岩冒泡动画。禁用后岩浆块变为静态，但伤害效果和发光特性仍保持不变。",
  "vulkanmod-extra.option.animation.prismarine": "海晶石微光",
  "vulkanmod-extra.option.animation.prismarine.tooltip": "控制海晶石方块微妙的色彩变幻动画。禁用后海晶石变为静态，但仍保留水下美学效果。",
  "vulkanmod-extra.option.animation.prismarine_bricks": "海晶石砖微光",
  "vulkanmod-extra.option.animation.prismarine_bricks.tooltip": "控制海晶石砖方块的色彩变幻动画。禁用后砖块变为静态，但仍保留作为水下建筑材料的外观。",
  "vulkanmod-extra.option.animation.dark_prismarine": "暗海晶石微光",
  "vulkanmod-extra.option.animation.dark_prismarine.tooltip": "控制暗海晶石方块深邃的色彩变幻动画。禁用后暗海晶石变为静态，但仍保留海底神殿的美学风格。",
  "vulkanmod-extra.option.animation.conduit": "潮涌核心眼瞳旋转",
  "vulkanmod-extra.option.animation.conduit.tooltip": "控制激活状态下潮涌核心的眼瞳旋转动画。禁用后潮涌核心变为静态，但其增益效果和发光特性仍保持不变。",
  "vulkanmod-extra.option.animation.respawn_anchor": "重生锚点充能",
  "vulkanmod-extra.option.animation.respawn_anchor.tooltip": "控制重生锚点的充能发光动画。禁用后锚点变为静态，但重生功能和爆炸特性仍保持不变。",
  "vulkanmod-extra.option.animation.stonecutter_saw": "切石机刀片",
  "vulkanmod-extra.option.animation.stonecutter_saw.tooltip": "控制切石机方块的旋转刀片动画。禁用后切石机变为静态，但方块切割功能仍保持不变。",
  "vulkanmod-extra.option.animation.machine_animations": "机械动画",
  "vulkanmod-extra.option.animation.machine_animations.tooltip": "控制功能性方块在激活或处理物品时的动画效果。",
  "vulkanmod-extra.option.animation.blast_furnace_front_on": "高炉运行中",
  "vulkanmod-extra.option.animation.blast_furnace_front_on.tooltip": "控制高炉在熔炼时正面的发光动画。禁用后高炉变为静态，但熔炼功能仍保持不变。",
  "vulkanmod-extra.option.animation.smoker_front_on": "烟熏炉运行中",
  "vulkanmod-extra.option.animation.smoker_front_on.tooltip": "控制烟熏炉在烹饪食物时正面的发光动画。禁用后烟熏炉变为静态，但烹饪功能仍保持不变。",
  "vulkanmod-extra.option.animation.furnace_front_on": "熔炉运行中",
  "vulkanmod-extra.option.animation.furnace_front_on.tooltip": "控制熔炉在熔炼时正面的发光动画。禁用后熔炉变为静态，但熔炼功能仍保持不变。",
  "vulkanmod-extra.option.animation.plant_animations": "植物动画",
  "vulkanmod-extra.option.animation.plant_animations.tooltip": "控制水下植物和植被的摇曳动画。",
  "vulkanmod-extra.option.animation.kelp": "海带摇曳",
  "vulkanmod-extra.option.animation.kelp.tooltip": "控制水下海带植物的轻柔摇曳动画。禁用后海带变为静态，但生长和收获机制仍保持不变。",
  "vulkanmod-extra.option.animation.kelp_plant": "海带植株摇曳",
  "vulkanmod-extra.option.animation.kelp_plant.tooltip": "控制水下海带植株方块的摇曳动画。禁用后海带植株变为静态，但海洋生态系统仍保持完整。",
  "vulkanmod-extra.option.animation.seagrass": "海草摇曳",
  "vulkanmod-extra.option.animation.seagrass.tooltip": "控制水下海草的细微摇曳动画。禁用后海草变为静态，但水下生物群系的外观仍保持不变。",
  "vulkanmod-extra.option.animation.tall_seagrass_bottom": "高海草底部",
  "vulkanmod-extra.option.animation.tall_seagrass_bottom.tooltip": "控制水下高海草底部部分的动画。禁用后底部变为静态，但植物结构仍保持完整。",
  "vulkanmod-extra.option.animation.tall_seagrass_top": "高海草顶部",
  "vulkanmod-extra.option.animation.tall_seagrass_top.tooltip": "控制水下高海草顶部部分的动画。禁用后顶部变为静态，但整体飘动外观仍保持不变。",
  "vulkanmod-extra.option.animation.stem_animations": "茎秆动画",
  "vulkanmod-extra.option.animation.stem_animations.tooltip": "控制下界菌类茎秆及相关方块的纹理动画。",
  "vulkanmod-extra.option.animation.warped_stem": "诡异茎纹理",
  "vulkanmod-extra.option.animation.warped_stem.tooltip": "控制诡异茎方块的细微纹理动画。禁用后茎秆变为静态，但仍保留下界美学风格。",
  "vulkanmod-extra.option.animation.crimson_stem": "绯红茎纹理",
  "vulkanmod-extra.option.animation.crimson_stem.tooltip": "控制绯红茎方块的纹理动画。禁用后茎秆变为静态，但仍保留绯红森林的外观风格。",
  "vulkanmod-extra.option.animation.warped_hyphae": "诡异菌核纹理",
  "vulkanmod-extra.option.animation.warped_hyphae.tooltip": "控制诡异菌核方块的纹理动画。禁用后菌核变为静态，但仍保留诡异森林的美学风格。",
  "vulkanmod-extra.option.animation.crimson_hyphae": "绯红菌核纹理",
  "vulkanmod-extra.option.animation.crimson_hyphae.tooltip": "控制绯红菌核方块的纹理动画。禁用后菌核变为静态，但仍保留绯红森林的外观风格。",
  "vulkanmod-extra.option.animation.sculk_animations": "幽匿动画",
  "vulkanmod-extra.option.animation.sculk_animations.tooltip": "控制所有幽匿系列方块及其感知行为的动画效果。",
  "vulkanmod-extra.option.animation.sculk": "幽匿脉动",
  "vulkanmod-extra.option.animation.sculk.tooltip": "控制幽匿方块的细微脉动动画。禁用后幽匿变为静态，但监守者生成机制仍保持不变。",
  "vulkanmod-extra.option.animation.sculk_vein": "幽匿脉络蔓延",
  "vulkanmod-extra.option.animation.sculk_vein.tooltip": "控制幽匿脉络在方块上蔓延的动画效果。禁用后脉络变为静态，但感染机制仍保持不变。",
  "vulkanmod-extra.option.animation.sculk_sensor_side": "幽匿感测体侧面",
  "vulkanmod-extra.option.animation.sculk_sensor_side.tooltip": "控制幽匿感测体激活时侧面纹理的动画效果。禁用后移除视觉反馈，但振动检测功能仍保持不变。",
  "vulkanmod-extra.option.animation.sculk_sensor_top": "幽匿感测体顶部",
  "vulkanmod-extra.option.animation.sculk_sensor_top.tooltip": "控制幽匿感测体激活时顶部纹理的动画效果。禁用后移除视觉反馈，但振动检测功能仍保持不变。",
  "vulkanmod-extra.option.animation.sculk_shrieker": "幽匿尖啸体",
  "vulkanmod-extra.option.animation.sculk_shrieker.tooltip": "控制幽匿尖啸体的激活动画。禁用后尖啸体变为静态，但监守者召唤机制仍保持不变。",
  "vulkanmod-extra.option.animation.sculk_shrieker_side": "幽匿尖啸体侧面",
  "vulkanmod-extra.option.animation.sculk_shrieker_side.tooltip": "控制幽匿尖啸体激活时侧面纹理的动画效果。禁用后移除视觉反馈，但监守者召唤功能仍保持不变。",
  "vulkanmod-extra.option.animation.sculk_shrieker_top": "幽匿尖啸体顶部",
  "vulkanmod-extra.option.animation.sculk_shrieker_top.tooltip": "控制幽匿尖啸体激活时顶部纹理的动画效果。禁用后移除视觉反馈，但监守者召唤功能仍保持不变。",
  "vulkanmod-extra.option.animation.calibrated_sculk_sensor": "校准型幽匿感测体",
  "vulkanmod-extra.option.animation.calibrated_sculk_sensor.tooltip": "控制校准型幽匿感测体的动画效果。禁用后移除视觉反馈，但可调节的振动检测功能仍保持不变。",
  "vulkanmod-extra.option.animation.calibrated_sculk_sensor_side": "校准型感测体侧面",
  "vulkanmod-extra.option.animation.calibrated_sculk_sensor_side.tooltip": "控制校准型幽匿感测体侧面纹理的动画效果。禁用后移除视觉反馈，但可调节的检测功能仍保持不变。",
  "vulkanmod-extra.option.animation.calibrated_sculk_sensor_top": "校准型感测体顶部",
  "vulkanmod-extra.option.animation.calibrated_sculk_sensor_top.tooltip": "控制校准型幽匿感测体顶部纹理的动画效果。禁用后移除视觉反馈，但可调节的检测功能仍保持不变。",
  "vulkanmod-extra.option.animation.command_block_animations": "命令方块动画",
  "vulkanmod-extra.option.animation.command_block_animations.tooltip": "控制命令方块及其变种在激活时的动画效果。",
  "vulkanmod-extra.option.animation.command_block_front": "命令方块正面",
  "vulkanmod-extra.option.animation.command_block_front.tooltip": "控制命令方块正面面板的动画效果。禁用后命令方块变为静态，但命令执行功能仍保持不变。",
  "vulkanmod-extra.option.animation.chain_command_block_front": "连锁命令方块正面",
  "vulkanmod-extra.option.animation.chain_command_block_front.tooltip": "控制连锁命令方块正面面板的动画效果。禁用后连锁方块变为静态，但顺序执行命令的功能仍保持不变。",
  "vulkanmod-extra.option.animation.repeating_command_block_front": "循环命令方块正面",
  "vulkanmod-extra.option.animation.repeating_command_block_front.tooltip": "控制循环命令方块正面面板的动画效果。禁用后循环方块变为静态，但自动执行命令的功能仍保持不变。",
  "vulkanmod-extra.option.animation.additional_animations": "额外动画",
  "vulkanmod-extra.option.animation.additional_animations.tooltip": "控制各类杂项方块与物品的动画效果。",
  "vulkanmod-extra.option.animation.beacon": "信标光束",
  "vulkanmod-extra.option.animation.beacon.tooltip": "控制激活信标的旋转光束动画。禁用后信标光束变为静态，但状态效果增益仍保持不变。",
  "vulkanmod-extra.option.animation.dragon_egg": "龙蛋传送",
  "vulkanmod-extra.option.animation.dragon_egg.tooltip": "控制龙蛋被推动时的传送动画。禁用后龙蛋变为静态，但传送机制仍保持不变。",
  "vulkanmod-extra.option.animation.brewing_stand_base": "酿造台底座",
  "vulkanmod-extra.option.animation.brewing_stand_base.tooltip": "控制酿造台在酿造时底座的冒泡动画。禁用后底座变为静态，但药水酿造功能仍保持不变。",
  "vulkanmod-extra.option.animation.cauldron_water": "炼药锅中的水",
  "vulkanmod-extra.option.animation.cauldron_water.tooltip": "控制炼药锅中水面的动画效果。禁用后水面变为静态，但炼药锅功能仍保持不变。",
  "vulkanmod-extra.option.animation.enchanting_table_book": "附魔台书本",
  "vulkanmod-extra.option.animation.enchanting_table_book.tooltip": "控制附魔台上方书本的翻页动画。禁用后书本变为静态，但附魔功能仍保持不变。",
  "vulkanmod-extra.option.particle.particles": "粒子效果",
  "vulkanmod-extra.option.particle.particles.tooltip": "所有粒子效果的总开关，包括爆炸、水花和环境特效。禁用可显著提升性能，但会移除游戏中的大部分视觉效果。",
  "vulkanmod-extra.option.particle.allParticles": "全部粒子效果",
  "vulkanmod-extra.option.particle.allParticles.tooltip": "全局开关：关闭时禁用所有粒子效果，开启时允许单独设置各类粒子。通过一次性阻止所有粒子渲染，可大幅提升性能。",
  "vulkanmod-extra.option.particle.rain_splash": "雨滴溅落",
  "vulkanmod-extra.option.particle.rain_splash.tooltip": "控制雨滴溅落粒子效果",
  "vulkanmod-extra.option.particle.block_break": "方块破碎",
  "vulkanmod-extra.option.particle.block_break.tooltip": "控制方块破碎粒子效果",
  "vulkanmod-extra.option.particle.block_breaking": "方块破坏中",
  "vulkanmod-extra.option.particle.block_breaking.tooltip": "控制方块破坏过程中的粒子效果",
  "vulkanmod-extra.option.particle.flame": "火焰",
  "vulkanmod-extra.option.particle.flame.tooltip": "控制火把、熔炉、刷怪笼、岩浆怪和烈焰人的火焰粒子效果。对识别活跃的刷怪笼和岩浆怪行为至关重要。",
  "vulkanmod-extra.option.particle.smoke": "烟雾",
  "vulkanmod-extra.option.particle.smoke.tooltip": "控制火把、TNT爆炸、投掷器、发射器和末地传送门的烟雾粒子效果。对红石装置的视觉反馈和传送门识别非常重要。",
  "vulkanmod-extra.option.particle.bubble": "气泡",
  "vulkanmod-extra.option.particle.bubble.tooltip": "控制生物水下游泳、守卫者激光束和钓鱼浮标的气泡粒子效果，有助于水下导航与战斗感知。",
  "vulkanmod-extra.option.particle.splash": "飞溅",
  "vulkanmod-extra.option.particle.splash.tooltip": "生物入水、狼游泳后甩水",
  "vulkanmod-extra.option.particle.rain": "降雨",
  "vulkanmod-extra.option.particle.rain.tooltip": "地面雨滴溅落",
  "vulkanmod-extra.option.particle.dripping_water": "滴水",
  "vulkanmod-extra.option.particle.dripping_water.tooltip": "方块滴水、湿海绵、雨中树叶滴水",
  "vulkanmod-extra.option.particle.explosion": "爆炸",
  "vulkanmod-extra.option.particle.explosion.tooltip": "爆炸、恶魂火球、凋灵头颅、末影龙死亡",
  "vulkanmod-extra.option.particle.heart": "爱心",
  "vulkanmod-extra.option.particle.heart.tooltip": "繁殖与驯服动物",
  "vulkanmod-extra.option.particle.crit": "暴击",
  "vulkanmod-extra.option.particle.crit.tooltip": "暴击、满蓄力弓箭、弩箭、唤魔者尖牙",
  "vulkanmod-extra.option.particle.enchant": "附魔",
  "vulkanmod-extra.option.particle.enchant.tooltip": "来自附魔台附近的书架",
  "vulkanmod-extra.option.particle.note": "音符盒",
  "vulkanmod-extra.option.particle.note.tooltip": "由音符盒发出",
  "vulkanmod-extra.option.particle.lava": "熔岩气泡",
  "vulkanmod-extra.option.particle.lava.tooltip": "熔岩气泡",
  "vulkanmod-extra.option.particle.firework": "烟花",
  "vulkanmod-extra.option.particle.firework.tooltip": "烟花火箭轨迹与爆炸",
  "vulkanmod-extra.option.particle.happy_villager": "村民喜悦",
  "vulkanmod-extra.option.particle.happy_villager.tooltip": "使用骨粉、与村民交易、喂食幼年动物",
  "vulkanmod-extra.option.particle.angry_villager": "村民愤怒",
  "vulkanmod-extra.option.particle.angry_villager.tooltip": "攻击村民、熊猫受伤",
  "vulkanmod-extra.option.particle.ash": "灰烬",
  "vulkanmod-extra.option.particle.ash.tooltip": "自然生成于灵魂沙峡谷生物群系",
  "vulkanmod-extra.option.particle.campfire_cosy_smoke": "营火烟雾",
  "vulkanmod-extra.option.particle.campfire_cosy_smoke.tooltip": "由营火和灵魂营火产生的烟雾",
  "vulkanmod-extra.option.particle.effect": "药水效果",
  "vulkanmod-extra.option.particle.effect.tooltip": "喷溅药水、滞留药水、附魔之瓶、唤魔者",
  "vulkanmod-extra.option.particle.dust": "红石粉",
  "vulkanmod-extra.option.particle.dust.tooltip": "红石矿、通电红石粉、红石火把",
  "vulkanmod-extra.option.particle.poof": "噗噗",
  "vulkanmod-extra.option.particle.poof.tooltip": "爆炸、生物死亡、刷怪笼、蠹虫",
  "vulkanmod-extra.option.particle.cherry_leaves": "樱花树叶",
  "vulkanmod-extra.option.particle.cherry_leaves.tooltip": "樱花树叶飘落的花瓣",
  "vulkanmod-extra.option.particle.crimson_spore": "绯红孢子",
  "vulkanmod-extra.option.particle.crimson_spore.tooltip": "在绯红森林生物群系中生成",
  "vulkanmod-extra.option.particle.warped_spore": "诡异孢子",
  "vulkanmod-extra.option.particle.warped_spore.tooltip": "在诡异森林生物群系中生成",
  "vulkanmod-extra.option.particle.white_ash": "白色灰烬",
  "vulkanmod-extra.option.particle.white_ash.tooltip": "在玄武岩三角洲生物群系中生成",
  "vulkanmod-extra.option.particle.spore_blossom_air": "孢子花",
  "vulkanmod-extra.option.particle.spore_blossom_air.tooltip": "在孢子花周围散发",
  "vulkanmod-extra.option.particle.mycelium": "菌丝",
  "vulkanmod-extra.option.particle.mycelium.tooltip": "菌丝方块",
  "vulkanmod-extra.option.particle.cloud": "云层",
  "vulkanmod-extra.option.particle.cloud.tooltip": "实体死亡动画完成时出现的云朵",
  "vulkanmod-extra.option.particle.composter": "堆肥桶",
  "vulkanmod-extra.option.particle.composter.tooltip": "堆肥桶粒子效果",
  "vulkanmod-extra.option.particle.dripping_honey": "滴落蜂蜜",
  "vulkanmod-extra.option.particle.dripping_honey.tooltip": "蜂蜜从方块中滴落",
  "vulkanmod-extra.option.particle.falling_honey": "下落蜂蜜",
  "vulkanmod-extra.option.particle.falling_honey.tooltip": "蜂蜜在空中下落",
  "vulkanmod-extra.option.particle.landing_honey": "落地蜂蜜",
  "vulkanmod-extra.option.particle.landing_honey.tooltip": "蜂蜜落地",
  "vulkanmod-extra.option.particle.ambient_entity_effect": "信标效果",
  "vulkanmod-extra.option.particle.ambient_entity_effect.tooltip": "信标效果",
  "vulkanmod-extra.option.particle.barrier": "屏障",
  "vulkanmod-extra.option.particle.barrier.tooltip": "手持屏障物品时显示的屏障方块",
  "vulkanmod-extra.option.particle.block": "方块",
  "vulkanmod-extra.option.particle.block.tooltip": "破坏方块、疾跑、铁傀儡行走",
  "vulkanmod-extra.option.particle.block_crumble": "方块碎裂",
  "vulkanmod-extra.option.particle.block_crumble.tooltip": "方块碎裂粒子效果",
  "vulkanmod-extra.option.particle.block_marker": "方块标记",
  "vulkanmod-extra.option.particle.block_marker.tooltip": "屏障与光源粒子",
  "vulkanmod-extra.option.particle.bubble_column_up": "气泡柱上升",
  "vulkanmod-extra.option.particle.bubble_column_up.tooltip": "由灵魂沙在水下生成的上升气泡柱",
  "vulkanmod-extra.option.particle.bubble_pop": "气泡破裂",
  "vulkanmod-extra.option.particle.bubble_pop.tooltip": "气泡破裂粒子效果",
  "vulkanmod-extra.option.particle.campfire_signal_smoke": "营火信号烟雾",
  "vulkanmod-extra.option.particle.campfire_signal_smoke.tooltip": "干草块上方营火产生的烟雾",
  "vulkanmod-extra.option.particle.current_down": "向下水流",
  "vulkanmod-extra.option.particle.current_down.tooltip": "由水下岩浆块生成的气泡柱漩涡",
  "vulkanmod-extra.option.particle.damage_indicator": "伤害指示器",
  "vulkanmod-extra.option.particle.damage_indicator.tooltip": "生物和玩家受到近战攻击时显示",
  "vulkanmod-extra.option.particle.dolphin": "海豚",
  "vulkanmod-extra.option.particle.dolphin.tooltip": "海豚游泳时身后留下的轨迹",
  "vulkanmod-extra.option.particle.dragon_breath": "龙息",
  "vulkanmod-extra.option.particle.dragon_breath.tooltip": "末影龙的吐息与龙火球",
  "vulkanmod-extra.option.particle.dripping_dripstone_lava": "滴水钟乳石熔岩",
  "vulkanmod-extra.option.particle.dripping_dripstone_lava.tooltip": "从尖锐滴水石笋滴落的熔岩",
  "vulkanmod-extra.option.particle.dripping_dripstone_water": "滴水钟乳石水滴",
  "vulkanmod-extra.option.particle.dripping_dripstone_water.tooltip": "从尖锐滴水石笋滴落的水滴",
  "vulkanmod-extra.option.particle.dripping_lava": "滴落熔岩",
  "vulkanmod-extra.option.particle.dripping_lava.tooltip": "熔岩从方块中滴落",
  "vulkanmod-extra.option.particle.dripping_obsidian_tear": "滴落黑曜石之泪",
  "vulkanmod-extra.option.particle.dripping_obsidian_tear.tooltip": "哭泣黑曜石滴落粒子效果",
  "vulkanmod-extra.option.particle.dust_color_transition": "粉尘颜色渐变",
  "vulkanmod-extra.option.particle.dust_color_transition.tooltip": "幽匿感测体被触发时",
  "vulkanmod-extra.option.particle.dust_pillar": "粉尘柱",
  "vulkanmod-extra.option.particle.dust_pillar.tooltip": "由钉头锤重击攻击产生",
  "vulkanmod-extra.option.particle.dust_plume": "粉尘云",
  "vulkanmod-extra.option.particle.dust_plume.tooltip": "向装饰陶罐中添加物品时显示",
  "vulkanmod-extra.option.particle.egg_crack": "蛋壳破裂",
  "vulkanmod-extra.option.particle.egg_crack.tooltip": "蛋壳破裂粒子效果",
  "vulkanmod-extra.option.particle.elder_guardian": "远古守卫者",
  "vulkanmod-extra.option.particle.elder_guardian.tooltip": "远古守卫者粒子效果",
  "vulkanmod-extra.option.particle.electric_spark": "电火花",
  "vulkanmod-extra.option.particle.electric_spark.tooltip": "闪电击中铜块时出现",
  "vulkanmod-extra.option.particle.enchanted_hit": "附魔击中",
  "vulkanmod-extra.option.particle.enchanted_hit.tooltip": "使用附魔剑或斧攻击时",
  "vulkanmod-extra.option.particle.end_rod": "末地烛",
  "vulkanmod-extra.option.particle.end_rod.tooltip": "末地烛、潜影弹",
  "vulkanmod-extra.option.particle.entity_effect": "实体效果",
  "vulkanmod-extra.option.particle.entity_effect.tooltip": "状态效果、滞留药水、药水箭、交易",
  "vulkanmod-extra.option.particle.explosion_emitter": "爆炸发射器",
  "vulkanmod-extra.option.particle.explosion_emitter.tooltip": "爆炸、末影龙死亡",
  "vulkanmod-extra.option.particle.falling_dripstone_lava": "下落钟乳石熔岩",
  "vulkanmod-extra.option.particle.falling_dripstone_lava.tooltip": "从尖锐滴水石笋落下的熔岩粒子",
  "vulkanmod-extra.option.particle.falling_dripstone_water": "下落钟乳石水滴",
  "vulkanmod-extra.option.particle.falling_dripstone_water.tooltip": "从尖锐滴水石笋落下的水粒子",
  "vulkanmod-extra.option.particle.falling_dust": "下落尘土",
  "vulkanmod-extra.option.particle.falling_dust.tooltip": "悬浮的沙子、沙砾、混凝土粉末、铁砧",
  "vulkanmod-extra.option.particle.falling_lava": "下落熔岩",
  "vulkanmod-extra.option.particle.falling_lava.tooltip": "熔岩在空中滴落",
  "vulkanmod-extra.option.particle.falling_nectar": "下落花蜜",
  "vulkanmod-extra.option.particle.falling_nectar.tooltip": "携带花粉的蜜蜂身上的花蜜",
  "vulkanmod-extra.option.particle.falling_obsidian_tear": "下落黑曜石之泪",
  "vulkanmod-extra.option.particle.falling_obsidian_tear.tooltip": "哭泣黑曜石滴落粒子下落效果",
  "vulkanmod-extra.option.particle.falling_spore_blossom": "下落孢子花",
  "vulkanmod-extra.option.particle.falling_spore_blossom.tooltip": "从孢子花滴落的绿色粒子",
  "vulkanmod-extra.option.particle.falling_water": "下落水滴",
  "vulkanmod-extra.option.particle.falling_water.tooltip": "水滴在空中滴落",
  "vulkanmod-extra.option.particle.fishing": "钓鱼",
  "vulkanmod-extra.option.particle.fishing.tooltip": "钓鱼粒子效果",
  "vulkanmod-extra.option.particle.flash": "闪光",
  "vulkanmod-extra.option.particle.flash.tooltip": "烟花火箭爆炸时的闪光",
  "vulkanmod-extra.option.particle.glow": "发光",
  "vulkanmod-extra.option.particle.glow.tooltip": "发光鱿鱼",
  "vulkanmod-extra.option.particle.glow_squid_ink": "发光鱿鱼墨汁",
  "vulkanmod-extra.option.particle.glow_squid_ink.tooltip": "发光鱿鱼受伤时",
  "vulkanmod-extra.option.particle.gust": "阵风",
  "vulkanmod-extra.option.particle.gust.tooltip": "风弹击中方块时产生",
  "vulkanmod-extra.option.particle.gust_emitter_large": "大型阵风发射器",
  "vulkanmod-extra.option.particle.gust_emitter_large.tooltip": "大型阵风粒子发射器",
  "vulkanmod-extra.option.particle.gust_emitter_small": "小型阵风发射器",
  "vulkanmod-extra.option.particle.gust_emitter_small.tooltip": "小型阵风粒子发射器",
  "vulkanmod-extra.option.particle.infested": "被虫蚀",
  "vulkanmod-extra.option.particle.infested.tooltip": "由具有“被虫蚀”效果的实体产生",
  "vulkanmod-extra.option.particle.instant_effect": "即时效果",
  "vulkanmod-extra.option.particle.instant_effect.tooltip": "瞬间治疗/伤害药水、光灵箭",
  "vulkanmod-extra.option.particle.item": "物品",
  "vulkanmod-extra.option.particle.item.tooltip": "进食、投掷鸡蛋、喷溅药水、末影之眼",
  "vulkanmod-extra.option.particle.item_cobweb": "物品蛛网",
  "vulkanmod-extra.option.particle.item_cobweb.tooltip": "由具有“织网”效果的实体产生",
  "vulkanmod-extra.option.particle.item_slime": "物品黏液",
  "vulkanmod-extra.option.particle.item_slime.tooltip": "史莱姆落地时",
  "vulkanmod-extra.option.particle.item_snowball": "物品雪球",
  "vulkanmod-extra.option.particle.item_snowball.tooltip": "投掷雪球、召唤凋灵、铁傀儡生成时",
  "vulkanmod-extra.option.particle.landing_lava": "熔岩落地",
  "vulkanmod-extra.option.particle.landing_lava.tooltip": "滴落的熔岩落地",
  "vulkanmod-extra.option.particle.landing_obsidian_tear": "黑曜石之泪落地",
  "vulkanmod-extra.option.particle.landing_obsidian_tear.tooltip": "哭泣黑曜石滴落物落地",
  "vulkanmod-extra.option.particle.large_smoke": "浓烟",
  "vulkanmod-extra.option.particle.large_smoke.tooltip": "火焰、熔炉矿车、烈焰人、熔岩遇水",
  "vulkanmod-extra.option.particle.light_block": "光源方块",
  "vulkanmod-extra.option.particle.light_block.tooltip": "手持光源物品时显示的光源方块",
  "vulkanmod-extra.option.particle.nautilus": "鹦鹉螺",
  "vulkanmod-extra.option.particle.nautilus.tooltip": "激活的潮涌核心",
  "vulkanmod-extra.option.particle.ominous_spawning": "不祥生成",
  "vulkanmod-extra.option.particle.ominous_spawning.tooltip": "不祥生成粒子效果",
  "vulkanmod-extra.option.particle.portal": "传送门",
  "vulkanmod-extra.option.particle.portal.tooltip": "下界传送门、末影人、末影螨、末影珍珠",
  "vulkanmod-extra.option.particle.raid_omen": "袭击预兆",
  "vulkanmod-extra.option.particle.raid_omen.tooltip": "由袭击预兆效果产生",
  "vulkanmod-extra.option.particle.reverse_portal": "反向传送门",
  "vulkanmod-extra.option.particle.reverse_portal.tooltip": "反向传送门粒子效果",
  "vulkanmod-extra.option.particle.scrape": "刮擦",
  "vulkanmod-extra.option.particle.scrape.tooltip": "用斧头刮除铜块的氧化层",
  "vulkanmod-extra.option.particle.sculk_charge": "幽匿充能",
  "vulkanmod-extra.option.particle.sculk_charge.tooltip": "幽匿在其他方块间蔓延",
  "vulkanmod-extra.option.particle.sculk_charge_pop": "幽匿充能爆破",
  "vulkanmod-extra.option.particle.sculk_charge_pop.tooltip": "幽匿充能结束时的爆破效果",
  "vulkanmod-extra.option.particle.sculk_soul": "幽匿灵魂",
  "vulkanmod-extra.option.particle.sculk_soul.tooltip": "生物在幽匿催化体附近死亡时",
  "vulkanmod-extra.option.particle.shriek": "尖啸",
  "vulkanmod-extra.option.particle.shriek.tooltip": "幽匿尖啸体被触发时显示",
  "vulkanmod-extra.option.particle.small_flame": "小火焰",
  "vulkanmod-extra.option.particle.small_flame.tooltip": "小火焰粒子效果",
  "vulkanmod-extra.option.particle.small_gust": "小型阵风",
  "vulkanmod-extra.option.particle.small_gust.tooltip": "由风弹效果产生",
  "vulkanmod-extra.option.particle.sneeze": "打喷嚏",
  "vulkanmod-extra.option.particle.sneeze.tooltip": "幼年熊猫打喷嚏",
  "vulkanmod-extra.option.particle.snowflake": "雪花",
  "vulkanmod-extra.option.particle.snowflake.tooltip": "陷入细雪时出现",
  "vulkanmod-extra.option.particle.sonic_boom": "音爆",
  "vulkanmod-extra.option.particle.sonic_boom.tooltip": "监守者释放音爆时",
  "vulkanmod-extra.option.particle.soul": "灵魂",
  "vulkanmod-extra.option.particle.soul.tooltip": "灵魂沙/灵魂土上触发灵魂疾行附魔效果",
  "vulkanmod-extra.option.particle.soul_fire_flame": "灵魂火焰",
  "vulkanmod-extra.option.particle.soul_fire_flame.tooltip": "灵魂火把",
  "vulkanmod-extra.option.particle.spit": "吐息",
  "vulkanmod-extra.option.particle.spit.tooltip": "羊驼向玩家或生物吐口水",
  "vulkanmod-extra.option.particle.squid_ink": "鱿鱼墨汁",
  "vulkanmod-extra.option.particle.squid_ink.tooltip": "鱿鱼被攻击时产生",
  "vulkanmod-extra.option.particle.sweep_attack": "横扫攻击",
  "vulkanmod-extra.option.particle.sweep_attack.tooltip": "剑的横扫攻击",
  "vulkanmod-extra.option.particle.totem_of_undying": "不死图腾",
  "vulkanmod-extra.option.particle.totem_of_undying.tooltip": "不死图腾激活时",
  "vulkanmod-extra.option.particle.trail": "轨迹",
  "vulkanmod-extra.option.particle.trail.tooltip": "吱嘎怪与心脏方块之间的粒子轨迹",
  "vulkanmod-extra.option.particle.trial_omen": "试炼预兆",
  "vulkanmod-extra.option.particle.trial_omen.tooltip": "由试炼预兆效果产生",
  "vulkanmod-extra.option.particle.trial_spawner_detection": "试炼刷怪笼侦测",
  "vulkanmod-extra.option.particle.trial_spawner_detection.tooltip": "试炼刷怪笼被激活时产生",
  "vulkanmod-extra.option.particle.trial_spawner_detection_ominous": "试炼刷怪笼不祥侦测",
  "vulkanmod-extra.option.particle.trial_spawner_detection_ominous.tooltip": "不祥试炼刷怪笼被激活时产生",
  "vulkanmod-extra.option.particle.underwater": "水下",
  "vulkanmod-extra.option.particle.underwater.tooltip": "水下可见效果",
  "vulkanmod-extra.option.particle.vault_connection": "宝库连接",
  "vulkanmod-extra.option.particle.vault_connection.tooltip": "玩家靠近宝库时产生",
  "vulkanmod-extra.option.particle.vibration": "振动",
  "vulkanmod-extra.option.particle.vibration.tooltip": "幽匿感测体被触发时",
  "vulkanmod-extra.option.particle.wax_off": "除蜡",
  "vulkanmod-extra.option.particle.wax_off.tooltip": "用斧头刮除铜块上的蜡",
  "vulkanmod-extra.option.particle.wax_on": "上蜡",
  "vulkanmod-extra.option.particle.wax_on.tooltip": "用蜜脾给铜块上蜡",
  "vulkanmod-extra.option.particle.white_smoke": "白色烟雾",
  "vulkanmod-extra.option.particle.white_smoke.tooltip": "白色烟雾粒子效果",
  "vulkanmod-extra.option.particle.witch": "女巫",
  "vulkanmod-extra.option.particle.witch.tooltip": "女巫粒子效果",
  "vulkanmod-extra.option.details.sky": "天空",
  "vulkanmod-extra.option.details.sky.tooltip": "控制天空渲染。禁用后将移除整个天空（包括太阳、月亮和星星）。§7性能影响：§e低",
  "vulkanmod-extra.option.details.sun": "太阳",
  "vulkanmod-extra.option.details.sun.tooltip": "控制天空中太阳的渲染。禁用后仅隐藏太阳的视觉图像，不影响昼夜循环或光照效果。",
  "vulkanmod-extra.option.details.moon": "月亮",
  "vulkanmod-extra.option.details.moon.tooltip": "控制夜空中月亮的渲染。禁用后仅隐藏月亮图像，夜间光照和生物生成不受影响。",
  "vulkanmod-extra.option.details.stars": "星星",
  "vulkanmod-extra.option.details.stars.tooltip": "控制夜空星域的渲染。禁用后仅移除星星，不影响夜视药水效果或光照计算。",
  "vulkanmod-extra.option.details.rain_snow": "雨雪",
  "vulkanmod-extra.option.details.rain_snow.tooltip": "控制雨雪渲染效果  §7性能影响：§6中等",
  "vulkanmod-extra.option.details.biome_colors": "生物群系色彩",
  "vulkanmod-extra.option.details.biome_colors.tooltip": "控制生物群系色彩渲染  §7性能影响：§6中等",
  "vulkanmod-extra.option.details.sky_colors": "天空色彩",
  "vulkanmod-extra.option.details.sky_colors.tooltip": "控制天空色彩渲染  §7性能影响：§e低",
  "vulkanmod-extra.option.render.light_updates": "光照更新",
  "vulkanmod-extra.option.render.light_updates.tooltip": "控制光照更新优化  §7性能影响：§a低（正面）",
  "vulkanmod-extra.option.render.item_frame": "物品展示框",
  "vulkanmod-extra.option.render.item_frame.tooltip": "控制物品展示框渲染  §7性能影响：§e低",
  "vulkanmod-extra.option.render.armor_stand": "盔甲架",
  "vulkanmod-extra.option.render.armor_stand.tooltip": "控制盔甲架渲染  §7性能影响：§e低",
  "vulkanmod-extra.option.render.painting": "画",
  "vulkanmod-extra.option.render.painting.tooltip": "控制画作渲染  §7性能影响：§e低",
  "vulkanmod-extra.option.render.piston": "活塞",
  "vulkanmod-extra.option.render.piston.tooltip": "控制活塞伸缩动画  §7性能影响：§e低",
  "vulkanmod-extra.option.render.beacon_beam": "信标光束",
  "vulkanmod-extra.option.render.beacon_beam.tooltip": "控制信标光束渲染  §7性能影响：§6中等",
  "vulkanmod-extra.option.render.limit_beacon_beam_height": "限制信标光束高度",
  "vulkanmod-extra.option.render.limit_beacon_beam_height.tooltip": "为提升性能限制信标光束高度  §7性能影响：§a低（正面）",
  "vulkanmod-extra.option.render.item_frame_name_tag": "物品展示框名称标签",
  "vulkanmod-extra.option.render.item_frame_name_tag.tooltip": "控制物品展示框名称标签的渲染",
  "vulkanmod-extra.option.render.player_name_tag": "玩家名称标签",
  "vulkanmod-extra.option.render.player_name_tag.tooltip": "控制玩家名称标签的渲染",
  "vulkanmod-extra.option.render.global_fog": "全局迷雾",
  "vulkanmod-extra.option.render.global_fog.tooltip": "控制大气迷雾效果，该效果会降低远处的可见度。禁用后空气将变得清澈，但在大型开阔区域可能影响景深感知。§7性能影响：§e低",
  "vulkanmod-extra.option.render.multi_dimension_fog": "多维度迷雾",
  "vulkanmod-extra.option.render.multi_dimension_fog.tooltip": "使用按维度独立设置的迷雾效果，而非全维度统一迷雾  §7性能影响：§e低",
  "vulkanmod-extra.option.render.prevent_shaders": "阻止着色器",
  "vulkanmod-extra.option.render.prevent_shaders.tooltip": "阻止着色器加载以提升性能  §7性能影响：§a高（正面）",
  "vulkanmod-extra.option.extra.use_fast_random": "使用快速随机数",
  "vulkanmod-extra.option.extra.use_fast_random.tooltip": "使用优化的随机函数进行方块渲染，在视觉影响极小的情况下提升性能。§7性能影响：§a低（正面）",
  "vulkanmod-extra.option.extra.linear_flat_color_blender": "线性平面颜色混合器",
  "vulkanmod-extra.option.extra.linear_flat_color_blender.tooltip": "应用线性色彩生物群系混合，不影响方块表面，改善生物群系色彩过渡效果。§7性能影响：§e低",
  "vulkanmod-extra.option.extra.show_fps": "显示FPS",
  "vulkanmod-extra.option.extra.show_fps.tooltip": "在屏幕上显示实时帧率（FPS）计数器，便于监控性能和排查卡顿问题。§7性能影响：§e低",
  "vulkanmod-extra.option.extra.fps_display_mode": "FPS显示模式",
  "vulkanmod-extra.option.extra.fps_display_mode.basic": "简单",
  "vulkanmod-extra.option.extra.fps_display_mode.extended": "完整",
  "vulkanmod-extra.option.extra.fps_display_mode.detailed": "详细",
  "vulkanmod-extra.option.extra.fps_display_mode.tooltip": "简单：仅显示FPS  完整：增加最低/最高/平均FPS + GPU显存占用  详细：增加FPS 1%与0.1%最低值及更多GPU显存统计信息。  §7性能影响：§e低",
  "vulkanmod-extra.option.extra.overlay_corner": "叠加层角落",
  "vulkanmod-extra.option.extra.overlay_corner.top_left": "左上角",
  "vulkanmod-extra.option.extra.overlay_corner.top_right": "右上角",
  "vulkanmod-extra.option.extra.overlay_corner.bottom_left": "左下角",
  "vulkanmod-extra.option.extra.overlay_corner.bottom_right": "右下角",
  "vulkanmod-extra.option.extra.overlay_corner.tooltip": "选择在屏幕哪个角落显示FPS、坐标等叠加信息，有助于避免与其他模组冲突或适配个人偏好视角位置。",
  "vulkanmod-extra.option.extra.text_contrast": "文本对比度",
  "vulkanmod-extra.option.extra.text_contrast.none": "无",
  "vulkanmod-extra.option.extra.text_contrast.background": "背景",
  "vulkanmod-extra.option.extra.text_contrast.shadow": "阴影",
  "vulkanmod-extra.option.extra.text_contrast.tooltip": "控制叠加信息的文本渲染样式。",
  "vulkanmod-extra.option.extra.show_coords": "显示坐标",
  "vulkanmod-extra.option.extra.show_coords.tooltip": "在屏幕上显示玩家当前坐标（X、Y、Z），对大型世界中的建筑项目、位置共享和导航至关重要。",
  "vulkanmod-extra.option.extra.toasts": "提示框",
  "vulkanmod-extra.option.extra.toasts.tooltip": "控制右上角弹出的成就与进度通知。禁用后移除视觉提示，但成就仍会正常解锁。",
  "vulkanmod-extra.option.extra.advancement_toast": "进度提示框",
  "vulkanmod-extra.option.extra.advancement_toast.tooltip": "控制获得进度与成就时弹出的通知提示。禁用后移除视觉庆祝效果，但进度仍会被保存。",
  "vulkanmod-extra.option.extra.recipe_toast": "配方提示框",
  "vulkanmod-extra.option.extra.recipe_toast.tooltip": "控制解锁新合成配方时的弹出提示。禁用后移除视觉提示，但配方仍会在配方书中保持解锁状态。",
  "vulkanmod-extra.option.extra.system_toast": "系统提示框",
  "vulkanmod-extra.option.extra.system_toast.tooltip": "控制重要系统通知，如连接状态、世界保存和关键游戏事件。建议保持启用以接收重要信息。",
  "vulkanmod-extra.option.extra.tutorial_toast": "教程提示框",
  "vulkanmod-extra.option.extra.tutorial_toast.tooltip": "控制学习游戏机制时出现的教程提示。禁用后移除引导提示，但不影响通过游戏实际操作学习。",
  "vulkanmod-extra.option.extra.instant_sneak": "瞬时潜行",
  "vulkanmod-extra.option.extra.instant_sneak.tooltip": "移除进入/退出潜行模式时的平滑过渡动画，使切换立即生效。适合技术性玩法中的精准操作，但部分玩家可能感觉不够自然。§7性能影响：§a低（正面）",
  "vulkanmod-extra.option.extra.use_adaptive_sync": "自适应同步",
  "vulkanmod-extra.option.extra.use_adaptive_sync.tooltip": "同步游戏帧率与显示器刷新率，减少画面撕裂和输入延迟。需兼容的显卡与显示器支持，可能轻微增加CPU占用，但可提供更流畅的画面体验。§7性能影响：§e低",
  "vulkanmod-extra.option.extra.steady_debug_hud": "稳定调试HUD",
  "vulkanmod-extra.option.extra.steady_debug_hud.tooltip": "以固定间隔而非每帧更新调试屏幕（F3）信息。§7性能影响：§a低（正面）",
  "vulkanmod-extra.option.extra.reduce_resolution_on_mac": "Mac降低分辨率",
  "vulkanmod-extra.option.extra.reduce_resolution_on_mac.tooltip": "降低分辨率以提升Mac设备性能。§7性能影响：§a高（正面）",
  "vulkanmod-extra.option.extra.advanced_item_tooltips": "高级物品提示框",
  "vulkanmod-extra.option.extra.advanced_item_tooltips.tooltip": "显示包含标识符和耐久度的详细物品提示框",
  "vulkanmod-extra.option.cloud_height": "云层高度",
  "vulkanmod-extra.option.cloud_height.tooltip": "控制云层渲染高度",
  "vulkanmod-extra.option.cloud_distance": "云层距离",
  "vulkanmod-extra.option.cloud_distance.tooltip": "控制云层渲染距离",
  "vulkanmod-extra.option.fog": "%s 迷雾",
  "vulkanmod-extra.option.fog.tooltip": "调整每个维度的迷雾效果距离。0 = 原版迷雾，1-32 = 区块数，33 = 最大距离",
  "vulkanmod-extra.option.fog_start": "迷雾起始倍率",
  "vulkanmod-extra.option.fog_start.tooltip": "调整地形迷雾开始渲染的时机",
  "vulkanmod-extra.option.fog_type.atmospheric": "大气迷雾",
  "vulkanmod-extra.option.fog_type.atmospheric.tooltip": "控制来自大气与天气的迷雾效果",
  "vulkanmod-extra.option.fog_type.dimension_or_boss": "维度或Boss迷雾",
  "vulkanmod-extra.option.fog_type.dimension_or_boss.tooltip": "控制来自维度特效或Boss区域的迷雾效果",
  "vulkanmod-extra.option.fog_type.environment_end": "%s - 末地环境",
  "vulkanmod-extra.option.fog_type.environment_end.tooltip": "控制环境迷雾结束距离的倍率",
  "vulkanmod-extra.option.fog_type.environment_start": "%s - 环境起始",
  "vulkanmod-extra.option.fog_type.environment_start.tooltip": "控制环境迷雾起始距离的倍率",
  "vulkanmod-extra.option.fog_type.lava": "熔岩迷雾",
  "vulkanmod-extra.option.fog_type.lava.tooltip": "控制浸入熔岩时的迷雾效果",
  "vulkanmod-extra.option.fog_type.powder_snow": "细雪迷雾",
  "vulkanmod-extra.option.fog_type.powder_snow.tooltip": "控制身处细雪中时的迷雾效果",
  "vulkanmod-extra.option.fog_type.render_distance_end": "%s - 渲染结束",
  "vulkanmod-extra.option.fog_type.render_distance_end.tooltip": "控制渲染迷雾结束距离的倍率",
  "vulkanmod-extra.option.fog_type.render_distance_start": "%s - 渲染起始",
  "vulkanmod-extra.option.fog_type.render_distance_start.tooltip": "控制渲染迷雾起始距离的倍率",
  "vulkanmod-extra.option.fog_type.sky_end": "%s - 天空结束",
  "vulkanmod-extra.option.fog_type.sky_end.tooltip": "控制天空迷雾结束倍率",
  "vulkanmod-extra.option.fog_type.water": "水下迷雾",
  "vulkanmod-extra.option.fog_type.water.tooltip": "控制水下时的迷雾效果",
  "vulkanmod-extra.option.fog_type.cloud_end": "%s - 云层结束",
  "vulkanmod-extra.option.fog_type.cloud_end.tooltip": "控制 %s 的云层迷雾结束倍率",
  "vulkanmod-extra.category.fog_types": "迷雾类型",
  "vulkanmod-extra.category.fog_multipliers.water": "水下迷雾倍率",
  "vulkanmod-extra.category.fog_multipliers.lava": "熔岩迷雾倍率",
  "vulkanmod-extra.category.fog_multipliers.powder_snow": "细雪迷雾倍率",
  "__comment": "VulkanMod 提示框扩展",
  "vulkanmod-extra.option.video.monitor_selection": "全屏显示器",
  "vulkanmod.options.video.monitor_selection.tooltip": "选择全屏模式使用的显示器。更改将在进入全屏时生效。",
  "vulkanmod.options.video.resolution.tooltip": "设置全屏分辨率。更改将在切换全屏模式时生效。",
  "vulkanmod.options.video.refreshRate.tooltip": "控制全屏模式下的显示刷新率。数值越高，画面越流畅。",
  "vulkanmod.options.video.fullscreen.tooltip": "在全屏与窗口模式间切换。按 F11 可快速切换。",
  "vulkanmod.options.video.windowedFullscreen.tooltip": "无边框窗口模式。Alt+Tab 切换更快，但输入延迟可能略高于独占全屏模式。",
  "vulkanmod.options.video.framerateLimit.tooltip": "限制最大帧率。数值越低，功耗与发热越少。",
  "vulkanmod.options.video.vsync.tooltip": "同步帧渲染与显示器刷新率，消除画面撕裂，但可能增加输入延迟。§7性能影响：§e低",
  "vulkanmod.options.video.guiScale.tooltip": "控制GUI元素大小。自动根据分辨率调整，数值越高界面越大。",
  "vulkanmod.options.video.gamma.tooltip": "调整屏幕亮度。数值越高，暗处越清晰，但可能降低对比度。",
  "vulkanmod.options.video.viewBobbing.tooltip": "行走时屏幕晃动。若引起晕动症或干扰游戏，建议关闭。",
  "vulkanmod.options.video.attackIndicator.tooltip": "显示准星攻击指示器。控制攻击冷却指示器的显示时机。",
  "vulkanmod.options.video.autosaveIndicator.tooltip": "世界自动保存时显示旋转图标。",
  "vulkanmod.options.graphics.renderDistance.tooltip": "方块渲染的最大距离。数值越高视野越远，但性能下降越明显。§7性能影响：§c高",
  "vulkanmod.options.graphics.simulationDistance.tooltip": "游戏机制（生物生成、红石等）的模拟距离。数值越低性能越好。§7性能影响：§6中等",
  "vulkanmod.options.graphics.prioritizeChunkUpdates.tooltip": "控制区块更新的优先级。“附近”优先处理玩家周围的区块。§7性能影响：§e低",
  "vulkanmod.options.graphics.graphics.tooltip": "整体画质等级。“华丽”启用额外视觉效果，如更逼真的草与树叶。§7性能影响：§6中等",
  "vulkanmod.options.graphics.particles.tooltip": "控制粒子密度。较低设置通过减少粒子效果来提升性能。§7性能影响：§6中等",
  "vulkanmod.options.graphics.renderClouds.tooltip": "控制云层渲染。“关闭”完全禁用云层，“快速”渲染简易云层，“华丽”渲染精细云层。§7性能影响：§e低",
  "vulkanmod.options.graphics.biomeBlendRadius.tooltip": "控制生物群系边界色彩过渡的平滑度。数值越高过渡越平滑，但性能越低。§7性能影响：§c高",
  "vulkanmod.options.graphics.entityShadows.tooltip": "启用实体（玩家、生物、物品）下方的阴影。禁用可提升性能。§7性能影响：§e低",
  "vulkanmod.options.graphics.entityDistanceScaling.tooltip": "控制实体的渲染距离。数值越低，越早剔除远处实体，性能越好。§7性能影响：§6中等",
  "vulkanmod.options.graphics.mipmapLevels.tooltip": "控制远距离纹理细节。等级越高，纹理闪烁越少，但显存占用越高。§7性能影响：§e低",
  "vulkanmod.options.other.frameQueue.tooltip": "较高数值可能有助于稳定帧时间，但会增加输入延迟。§7性能影响：§e低",
  "vulkanmod.options.other.deviceSelector.tooltip": "当前设备：%s",
  "vulkanmod.options.other.chunkBuilderThreads.tooltip": "用于区块构建的线程数。多核CPU上增加线程可提升区块加载速度。§7性能影响：§6中等"
}