{
  "item.changed_xtras.smg": "冲锋枪",
  "advancements.stars.title": "星星...",
  "item.changed_xtras.iron_wand": "铁魔杖",
  "item.changed_xtras.australium_laser_crystal": "锎激光晶体",
  "item.changed_xtras.reinforced_spider_made_cloth": "蛛丝加固布",
  "item.changed_xtras.opal_star": "蛋白石之星",
  "gui.changed_xtras.emberium_reactor_gui.button_empty": "熔炼",
  "item.changed_xtras.latex_f_778": "存有胶液的烧瓶",
  "item.changed_xtras.stainless_steel_sheet": "不锈钢板",
  "item.changed_xtras.diamond_plate": "钻石板",
  "item.changed_xtras.bone_dagger": "骨制匕首",
  "item.changed_xtras.darkest_matter": "暗物质",
  "item.changed_xtras.emberium_tsc_baton": "惊雷科技电棍",
  "item.changed_xtras.forged_apple": "锻造苹果",
  "item.changed_xtras.makeshift_emerald_chestplate": "临时绿宝石胸甲",
  "gui.changed_xtras.reactor_interface.button_radiate": "辐射",
  "item.changed_xtras.rubber": "橡胶",
  "block.changed_xtras.x_tech_nuclear_core": "X-Tech 反物质核心",
  "item.changed_xtras.enubium": "§0§o§l氨粉",
  "subtitles.elevator": "加载音乐",
  "item.changed_xtras.golem_spawn_egg": "简易傀儡刷怪蛋",
  "item.changed_xtras.golden_alloy": "黄金合金",
  "item.changed_xtras.latex": "胶液",
  "item.changed_xtras.steel_plate": "钢板",
  "block.changed_xtras.rare_plant": "死亡植物",
  "item.changed_xtras.emberium_ingot": "§6§o惊雷 §r锭",
  "item.changed_xtras.advanced_steelite_helmet_chestplate": "司太立合金胸甲",
  "item.changed_xtras.log_chopping_axe": "原木砍伐斧",
  "item.changed_xtras.tsc_advanced_combantant_baton": "高级惊雷科技电棍",
  "block.changed_xtras.blackwall_5": "黑色墙块",
  "item.changed_xtras.stable_anti_matter_vial": "抗胶液样本",
  "item.changed_xtras.sapphire_circuit": "蓝宝石电路",
  "item.changed_xtras.blazing_laser_crystal": "§6炽焰激光晶体",
  "gui.changed_xtras.reactor_gui.label_result": "结果",
  "block.changed_xtras.lamp": "灯",
  "item.changed_xtras.nice_shades_helmet": "酷炫墨镜",
  "item.changed_xtras.jbium_ingot": "氨锭",
  "item.changed_xtras.short_sword": "短剑",
  "item.changed_xtras.first_in_command_tsc_baton": "首席指挥官的惊雷科技电棍",
  "block.changed_xtras.amgam": "§1氨汞合金",
  "item.changed_xtras.makeshift_emerald_helmet": "临时绿宝石头盔",
  "gui.changed_xtras.anti_matter_materializer_gui.label_fuel": "燃料",
  "block.changed_xtras.nuk": "核弹",
  "item.changed_xtras.baseball_bat": "棒球棍",
  "item.changed_xtras.experiment_079_dna": "实验体 079 DNA",
  "item.changed_xtras.double_handed_hammer": "双手锤",
  "advancements.darkest_star.descr": "无尽能量",
  "advancements.spiky.descr": "触碰即痛",
  "item.changed_xtras.steel_wand_4": "召唤魔杖",
  "item.changed_xtras.pistol": "手枪",
  "advancements.gas_protection.descr": "是的，它不能预防感染...但它能预防中毒之类的情况",
  "item.changed_xtras.syringe_of_fire_resistance": "抗火注射器",
  "item.changed_xtras.unfinished_hammer_head": "未完成的锤头",
  "item.changed_xtras.dark_chestplate": "暗色胸甲",
  "block.changed_xtras.anti_tank_mine": "反坦克地雷",
  "item.changed_xtras.withering_heart": "凋零之心",
  "item.changed_xtras.hydrogen_in_a_bottle": "瓶装氢气",
  "gui.changed_xtras.gemlaserchambergui.button_empty": "开始",
  "item.changed_xtras.officersvest_chestplate": "警用背心",
  "item.changed_xtras.steelite_boots": "司太立合金靴",
  "item.changed_xtras.oldexp_009music_disc_2.desc": "旧实验体 009 阶段 2",
  "item.changed_xtras.sharpened_dagger": "磨尖的骨头",
  "item.changed_xtras.alitite_ingot": "硅硼钙铝石锭",
  "item.changed_xtras.dark_boots": "暗色靴子",
  "effect.changed_xtras.teleportation_sickness": "兽化病",
  "item.changed_xtras.dark_star": "黑暗星",
  "item.changed_xtras.steelite_hoe": "司太立合金锄",
  "advancements.experimentation_time.title": "实验时间到！",
  "item.changed_xtras.latex_x_175": "胶液：X-157",
  "item.changed_xtras.gem_of_automation": "回响宝石",
  "item.changed_xtras.battle": "音乐唱片",
  "block.changed_xtras.tungsten_ore": "钨矿石",
  "block.changed_xtras.metal_crate": "金属箱",
  "item.changed_xtras.ashes": "灰烬",
  "item.changed_xtras.dura_steel": "耐钢",
  "item.changed_xtras.double_compacted_enderdragonsoul": "双重压缩末影龙魂",
  "effect.changed_xtras.curse_of_bad_weaponry": "诅咒武器",
  "block.changed_xtras.gem_laser_chamber": "宝石激光室",
  "item.changed_xtras.golden_orange": "金橘子",
  "block.changed_xtras.dark_vent_top": "黑暗通风口顶盖",
  "item.changed_xtras.star_shard": "下界之星碎片",
  "item.changed_xtras.repaired_dagger": "尖骨",
  "item.changed_xtras.old_079_dna": "旧 079 DNA",
  "subtitles.shock": "",
  "item.changed_xtras.manual_nvg_helmet": "双筒夜视镜",
  "item.changed_xtras.cursed_ingot": "§k无法获得之物",
  "gui.changed_xtras.reactor_gui.button_empty": "使用",
  "item.changed_xtras.snow_filled_lands.desc": "Snow Filled Lands",
  "item.changed_xtras.deadly_laser_emitter": "致命激光发射器",
  "item.changed_xtras.ballistic_armor_plates": "防弹护甲板",
  "block.changed_xtras.rare_planks": "死亡木板",
  "gui.changed_xtras.anti_matter_materializer_gui.button_materialize": "实体化",
  "block.changed_xtras.spider_nest": "蛛巢方块",
  "item.changed_xtras.demicontainer": "半神之心容器",
  "item.changed_xtras.latex_sap": "胶液树液",
  "item.changed_xtras.fresh_heart": "鲜活之心",
  "block.changed_xtras.red_caution_tiles": "焚化警告瓷砖",
  "block.changed_xtras.waste_disposer": "废物处理器",
  "block.changed_xtras.enderdragon_soul_block": "末影龙魂方块",
  "item.changed_xtras.rose_gold": "玫瑰金锭",
  "item.changed_xtras.autonvg_helmet": "四筒夜视镜",
  "item.changed_xtras.mini_crafter": "迷你合成器",
  "block.changed_xtras.vent_top": "通风口顶盖",
  "item.changed_xtras.raw_steel": "粗钢",
  "advancements.flesh_of_gods.title": "神之血肉",
  "gui.changed_xtras.armor_fab_gui.label_empty": "物品",
  "item.changed_xtras.mini_refinery": "迷你精炼厂",
  "block.changed_xtras.rare_fluid": "死亡流体",
  "item.changed_xtras.steelite_leggings": "司太立合金护腿",
  "advancements.steel_sword_advance.descr": "比钻石差又如何？反正有概率秒杀普通怪物",
  "item.changed_xtras.steel_great_sword": "钢巨剑",
  "item.changed_xtras.reinforced_hazmat_helmet": "加固防化服头盔",
  "block.changed_xtras.impact_resistant_block": "抗冲击金属块",
  "item.changed_xtras.dark_mass": "暗色物质",
  "advancements.cop.title": "警用武器！",
  "gui.changed_xtras.armor_fab_gui.label_fuel": "主装甲板",
  "block.changed_xtras.anti_matter_materializer": "反物质实体化器",
  "item.changed_xtras.opal_gold_alloy": "蛋白石金合金",
  "item.changed_xtras.astral_ingot": "星辉锭",
  "item.changed_xtras.demigod_spawn_egg": "敌对生物刷怪蛋",
  "block.changed_xtras.impact_casing": "冲击外壳",
  "advancements.steelite_hoe_advancement.descr": "你一定是疯了...",
  "item.changed_xtras.master_cut_emerald": "完美切割绿宝石",
  "item.changed_xtras.blazing_tsc_baton": "§6炽焰惊雷科技电棍",
  "block.changed_xtras.opal_block_recipe": "蛋白石块",
  "block.changed_xtras.laser_reaction_chamber": "激光反应室",
  "item.changed_xtras.emberium_reactor_recipe_book": "惊雷反应炉配方书",
  "block.changed_xtras.blast_resistant_glass": "防爆玻璃",
  "item.changed_xtras.empyrium_core": "§b§l氨核心",
  "advancements.vantas_wrath.title": "万塔之怒",
  "item.changed_xtras.tscendsaber": "惊雷科技光剑",
  "advancements.championstar.descr": "用这个炫富吧！",
  "item.changed_xtras.opal_gold_apple": "蛋白石金苹果",
  "item.changed_xtras.blazing_rod": "§6炽焰棒",
  "advancements.machinery_recipes.title": "求助 - 1",
  "effect.changed_xtras.radioactive": "放射性",
  "advancements.mastery.title": "精通所有钢材！",
  "item.changed_xtras.australium": "锎合金",
  "item.changed_xtras.empyrium": "§b§l氨",
  "block.changed_xtras.mechanical_crafting_table": "机械合成台",
  "item.changed_xtras.old_exp_009_music_disc.desc": "旧实验体 009 阶段 1",
  "advancements.sticky_situation.title": "同化？",
  "item.changed_xtras.emberium_sword": "惊雷剑",
  "item.changed_xtras.damascus_steel_ingot": "大马士革钢锭",
  "item.changed_xtras.iron_pellet": "铁粒",
  "item.changed_xtras.spider_attack": "蛛群攻击",
  "item.changed_xtras.edner_bearl": "末影珍珠",
  "advancements.changed_xtras_advancemnt.title": "Changed：Xtras",
  "item.changed_xtras.stainless_steel_screw": "不锈钢螺丝",
  "item.changed_xtras.stone_hammer": "石锤",
  "advancements.changed_xtras_advancemnt.descr": "我的第一个Changed模组附加包 :D",
  "item.changed_xtras.steelite_sword": "司太立合金剑",
  "effect.changed_xtras.heavy_radiation": "重度辐射",
  "item.changed_xtras.old_009_dna": "旧 009 DNA",
  "item.changed_xtras.nether_plate": "下界板",
  "advancements.remnants_of_incineration.title": "焚化残骸",
  "item.changed_xtras.ion_laser_crystal": "离子激光晶体",
  "item.changed_xtras.voideric_mass": "虚空物质",
  "gui.changed_xtras.stablize.label_fuel": "燃料",
  "item.changed_xtras.pouditejunk": "破碎的硅硼钙铝石",
  "item.changed_xtras.steel_wand": "钢魔杖",
  "block.changed_xtras.steel_block": "钢块",
  "advancements.better_tsc_weaponry.descr": "很神奇吧？",
  "item.changed_xtras.crystaline_alloy": "水晶合金",
  "item.changed_xtras.ruby_axe": "红宝石斧",
  "item.changed_xtras.extremely_hot_electrified_blaze_rod": "极热带电烈焰棒",
  "subtitles.crateopenclose": "",
  "advancements.sticky_situation.descr": "建议别在晚上户外吃这个",
  "advancements.machinery_recipes.descr": "不知道如何合成物品？直接在Discord上私聊我：nothecker4004",
  "block.changed_xtras.black_wall_4": "黑色墙块",
  "block.changed_xtras.black_wall_3": "黑色墙块",
  "item.changed_xtras.latex_f_007": "胶液：F-007",
  "item.changed_xtras.anti_matter_vial": "抗胶液样本",
  "item.changed_xtras.low_impact_lens": "低冲击透镜",
  "item.changed_xtras.iron_wand_2": "铁魔杖",
  "item.changed_xtras.broken_bone": "断骨",
  "block.changed_xtras.x_tech_plating": "X-Tech 外壳",
  "item.changed_xtras.iron_wand_3": "铁魔杖",
  "item.changed_xtras.latex_x_008": "胶液：X-008",
  "item.changed_xtras.spent_plutonium_nuclear_waste": "乏钚核废料",
  "block.changed_xtras.black_wall": "黑色墙块",
  "block.changed_xtras.black_wall_2": "黑色墙块",
  "advancements.experimentation_time.descr": "科学！",
  "item.changed_xtras.steel_screw": "钢螺丝",
  "item.changed_xtras.ancient_debris_cobweb": "远古残骸蛛网",
  "item.changed_xtras.old_exp_009_music_disc": "音乐唱片",
  "item.changed_xtras.hazmat_suit_boots": "防化服靴子",
  "block.changed_xtras.rare_log": "死亡原木",
  "entity.changed_xtras.golem_3": "复合傀儡",
  "entity.changed_xtras.golem_2": "强化傀儡",
  "item.minecraft.potion.effect.angeluric_energy": "天使能量药水",
  "item.changed_xtras.end_plate": "末影板",
  "item.minecraft.tipped_arrow.effect.angeluric_energy": "天使能量箭",
  "item.changed_xtras.extromanoda": "Extromanoda",
  "item.changed_xtras.mutated_x_978": "变异胶液：X-978",
  "advancements.impossiblitys.title": "不可能性",
  "item.changed_xtras.empty_nuclear_fuel_rod": "空核燃料棒",
  "item.changed_xtras.plutonium_nuclear_fuel_rod": "钚核燃料棒",
  "item.changed_xtras.cryis_fruit": "水晶果",
  "item.changed_xtras.ash": "灰烬",
  "advancements.cop.descr": "制作警棍",
  "item.changed_xtras.coal_filter": "橡胶板",
  "entity.minecraft.villager.changed_xtras.emberium_toolsmith": "惊雷工具匠",
  "block.changed_xtras.nuclear_reactor": "核反应堆",
  "item.changed_xtras.forbidden_apple": "苹果？",
  "item.changed_xtras.red_copper_ingot": "红铜锭",
  "item.changed_xtras.v_2": "电击警棍",
  "item.changed_xtras.ruby_pickaxe": "红宝石镐",
  "item.changed_xtras.sugar_cookie": "糖饼干",
  "item.changed_xtras.spent_nuclear_fuel": "乏铀核废料",
  "block.changed_xtras.lucky_ore": "幸运矿石",
  "item.changed_xtras.sapphire": "§9蓝宝石",
  "block.changed_xtras.opal_ore": "蛋白石矿石",
  "item.changed_xtras.dark_helmet": "暗色头盔",
  "item.changed_xtras.radiation_symbol": "辐射标志",
  "item.changed_xtras.reinforced_hazmat_chestplate": "加固防化服胸甲",
  "advancements.remnants_of_incineration.descr": "获取黑色墙块...",
  "item.changed_xtras.ultimation_gem": "终极宝石",
  "block.changed_xtras.landmine": "地雷",
  "item.changed_xtras.upgraded_police_baton": "升级版警棍",
  "item.changed_xtras.nether_fruit": "下界果",
  "item.changed_xtras.condensed_latex": "浓缩胶液",
  "item.changed_xtras.interface_panel": "接口面板",
  "advancements.stars.descr": ":)",
  "item.changed_xtras.latex_x_331": "胶液：X-331",
  "item.changed_xtras.desh_cobweb": "Desh蛛网",
  "item.changed_xtras.recipeinator": "配方生成器",
  "gamerule.barkEnabled.description": "BarkEnabled",
  "advancements.mastery.descr": "制作一整套钢制护甲",
  "item.changed_xtras.opal_dust": "蛋白石粉",
  "item.changed_xtras.iron_hammer": "铁锤",
  "item.minecraft.lingering_potion.effect.angeluric_energy": "滞留型天使能量药水",
  "advancements.cookiiiiiiiiiiiiiiiii.descr": "手持暗色曲奇",
  "item.changed_xtras.hazmat_suit_chestplate": "防化服上衣",
  "advancements.vantas_wrath.descr": "把巨剑涂成黑色",
  "block.changed_xtras.mini_wither": "迷你凋灵",
  "item.changed_xtras.dark_leggings": "暗色护腿",
  "effect.changed_xtras.curse_of_darkness": "黑暗诅咒",
  "advancements.not_painite.descr": "制作钢制护甲...实用的硅硼钙铝石，用于护甲和工具。",
  "item.changed_xtras.tungsten_ingot": "钨锭",
  "item.changed_xtras.dura_iron_foxite_alloy": "耐铁狐石合金",
  "item.changed_xtras.bark": "树皮",
  "item.changed_xtras.void_cooki": "虚空曲奇",
  "item.changed_xtras.debug_item": "调试物品",
  "item.changed_xtras.alitite_pebble": "硅硼钙铝石圆石",
  "item.minecraft.splash_potion.effect.angeluric_energy": "喷溅型天使能量药水",
  "item.changed_xtras.iron_cobweb": "铁蛛网",
  "block.changed_xtras.x_tech_reactor_interface": "X-Tech 反应堆接口",
  "block.changed_xtras.emberium_ore": "惊雷矿石",
  "block.changed_xtras.ruby_ore": "红宝石矿石",
  "item.changed_xtras.raw_aluminum": "粗铝",
  "item.changed_xtras.stainless_steel": "不锈钢",
  "item.changed_xtras.uranium_nuclear_fuel_rod": "铀核燃料棒",
  "block.changed_xtras.low_impact_compacter": "低冲击压缩器",
  "gui.changed_xtras.armor_fab_gui.button_craft": "合成",
  "item.changed_xtras.gas_mask_filter": "防毒面具滤芯",
  "advancements.link_this_mob_to_that_fence.title": "将此生物与那个栅栏连接。",
  "block.changed_xtras.plutonium_geode": "富矿晶洞",
  "item.changed_xtras.reinforced_hazmat_leggings": "加固防化服护腿",
  "block.changed_xtras.white_caution_tiles": "工业警告瓷砖",
  "block.changed_xtras.dark_vent_block": "黑暗通风口方块",
  "advancements.industrial_revolution.title": "工业革命",
  "item.changed_xtras.tantalium_ingot": "锂辉石锭",
  "item.changed_xtras.head_admins_tsc_baton": "首席管理员的惊雷科技电棍",
  "item.changed_xtras.cyber.desc": "Cyber",
  "item.changed_xtras.zirconium": "锆立方体",
  "item.changed_xtras.reinforced_hazmat_boots": "加固防化服靴子",
  "item.changed_xtras.snepsite_piece_2": "Snepsi 碎片 2",
  "item.changed_xtras.snepsite_piece_1": "Snepsi 碎片 1",
  "gamerule.debugRecipes": "调试物品",
  "item.changed_xtras.unobtainium": "无法获得之物",
  "advancements.steel_sword_advance.title": "获得强力升级！",
  "item.changed_xtras.snepsite_piece_4": "Snepsi 碎片 4",
  "item.changed_xtras.snepsite_piece_3": "Snepsi 碎片 3",
  "subtitles.cyber": "Cyber",
  "item.changed_xtras.opal_hammer": "蛋白石锤",
  "item.changed_xtras.expermentationbase": "实验体 079 DNA 样本瓶",
  "block.changed_xtras.compacted_heart_block": "压缩心脏方块",
  "item.changed_xtras.heart_container": "心之容器",
  "item.changed_xtras.music_disc_1": "音乐唱片",
  "item.changed_xtras.compacted_ender_dragon_soul": "压缩末影龙魂",
  "item.changed_xtras.gas_mask_helmet": "防毒面具",
  "item.changed_xtras.darkness_summoning_star": "黑暗召唤之星",
  "gui.changed_xtras.reactor_gui.label_empty": "物品",
  "item.changed_xtras.glue": "胶水",
  "item.changed_xtras.nvgbattery": "夜视镜电池",
  "advancements.blazing.descr": "§6§o收集惊雷核心",
  "block.changed_xtras.sapphire_ore": "蓝宝石矿石",
  "advancements.not_infectious.descr": "我打赌能用这个合成解药...等等...模组搞错了。",
  "item.changed_xtras.heavy_duty_plate": "重型护甲板",
  "item.changed_xtras.empyriumenergykatana": "电能武士刀",
  "item.changed_xtras.jbium_20": "氨-20锭",
  "item.changed_xtras.sapphire_x": "§9§l蓝宝石-X",
  "item.changed_xtras.bacteria": "细菌",
  "block.changed_xtras.x_tech_dura_core": "X-Tech 耐钢核心",
  "gamerule.noGuns.description": "启用/禁用第二修正案权利",
  "item.changed_xtras.latex_x_778": "胶液：X-778",
  "block.changed_xtras.disposed_nuclear_waste": "已处理的核废料",
  "item.changed_xtras.reorite_ingot": "重铸锭",
  "item.changed_xtras.extremely_blazing_powder": "极焰粉",
  "item.changed_xtras.demigods_heart": "半神之心",
  "advancements.industrial_revolution.descr": "升级版铁材！",
  "item.changed_xtras.aluminum_ingot": "铝锭",
  "block.changed_xtras.enriched_aluminum_ore": "富集铝矿",
  "advancements.this_is_just_the_beginning.title": "这...仅仅是个开始",
  "block.changed_xtras.anti_matter_stablizer": "抗胶液基",
  "item.changed_xtras.hazmat_suit_leggings": "防化服裤子",
  "advancements.championstar.title": "冠军之星",
  "item.changed_xtras.cyber": "音乐唱片",
  "item.changed_xtras.book_of_echantment_knowledge": "附魔知识之书",
  "item.changed_xtras.vial": "样本瓶",
  "block.changed_xtras.dark_vent_bottom": "黑暗通风口顶盖",
  "block.changed_xtras.aluminum_desh_alloy_block": "铝Desh合金块",
  "gamerule.noGuns": "禁用枪支？",
  "item.changed_xtras.snepsite": "Snepsi",
  "block.changed_xtras.blueprinting_table": "蓝图工作台",
  "item.changed_xtras.digamma_laser_crystal": "§cDigamma迪伽马激光晶体",
  "item.changed_xtras.steelite_shovel": "司太立合金铲",
  "item.changed_xtras.hazmat_suit_helmet": "防化服帽子",
  "advancements.spiky.title": "尖刺 :D",
  "item.changed_xtras.makeshift_emerald_leggings": "临时绿宝石护腿",
  "item.changed_xtras.experimentation_syringe": "实验注射器",
  "item.changed_xtras.digamma_shocked_ingot": "迪伽马辐照铁锭",
  "item.changed_xtras.battle.desc": "Battle",
  "entity.changed_xtras.darkombie": "黑暗僵尸",
  "item.changed_xtras.debug_sword": "调试剑",
  "item.changed_xtras.complex_circuit_part_two": "复合电路 第二部分",
  "item.changed_xtras.embercomb": "§6§o惊雷§r蜂窝",
  "item.changed_xtras.electric_katana": "电能武士刀",
  "block.changed_xtras.armor_fabricator": "护甲制造机",
  "advancements.better_tsc_weaponry.title": "更优质的惊雷科技武器！",
  "item.changed_xtras.laser_emitter": "激光发射器",
  "item.changed_xtras.heart": "心",
  "item.changed_xtras.iron_plate": "铁板",
  "item.changed_xtras.advanced_steelite_helmet_helmet": "司太立合金头盔",
  "item.changed_xtras.ruby": "§c红宝石",
  "item.changed_xtras.demonic_ingot": "魔铸锭",
  "item.changed_xtras.uranium_ingot": "铀锭",
  "item.changed_xtras.desh_sheet": "Desh板",
  "item.changed_xtras.amethyst_cluster": "紫水晶簇",
  "block.changed_xtras.the_block": "无尽块",
  "item.changed_xtras.extromanos": "Extromanoda",
  "gamerule.debugRecipes.description": "启用/禁用调试物品",
  "advancements.blessing.title": "不洁祝福",
  "item.changed_xtras.aluminum_desh_allot": "铝-§cDesh §r合金",
  "advancements.hammah_time.descr": "它可能是最强大的武器...",
  "entity.changed_xtras.golem": "简易傀儡",
  "item.changed_xtras.diamond_cobweb": "钻石蛛网",
  "item.changed_xtras.quick_sword": "速攻剑",
  "item.changed_xtras.zombie_heart": "僵尸之心",
  "item.changed_xtras.heart_container_mk_2": "心之容器 Mk-2",
  "block.changed_xtras.test": "坚固铁门",
  "block.changed_xtras.lead_aluminum_plating": "铅铝外壳",
  "item.changed_xtras.heart_container_mk_3": "心之容器 Mk-3",
  "item.changed_xtras.diamond_hammer": "钻石锤",
  "item.changed_xtras.desh_sword": "Desh剑",
  "item.changed_xtras.latex_x_978": "胶液：X-978",
  "advancements.machine_crafting.title": "机械合成？",
  "item.changed_xtras.guestite": "§1§l氨汞石",
  "item.changed_xtras.opal": "蛋白石",
  "item.changed_xtras.gun_parts": "枪械零件",
  "item.changed_xtras.steel_ingot": "钢锭",
  "item.changed_xtras.chiefs_vest_chestplate": "军用背心",
  "item.changed_xtras.darkest_blade": "至暗之剑",
  "advancements.refinining_time.descr": "它永无止境...",
  "item.changed_xtras.diamond_opal_alloy": "钻石蛋白石合金",
  "item.changed_xtras.spider_made_cloth": "蛛丝布",
  "item.changed_xtras.bullet": "子弹",
  "item.changed_xtras.katana": "电能武士刀",
  "gui.changed_xtras.reactor_interface.label_fuel": "燃料",
  "itemGroup.tabchanged_xtras": "Changed：xtras",
  "block.changed_xtras.special_tile": "特殊瓷砖",
  "block.changed_xtras.rare_glass": "稀有玻璃",
  "item.changed_xtras.ballistic_vest_chestplate": "防弹背心",
  "advancements.gas_protection.title": "气体防护！",
  "item.changed_xtras.reinforced_steel": "强化钢",
  "item.changed_xtras.gem_laser_chamber_recipe_book": "宝石激光室配方书",
  "advancements.caution.title": "警告！",
  "item.changed_xtras.plutonium_ingot": "钚锭",
  "subtitles.old_experiment_phase_2": "",
  "item.changed_xtras.gold_plate": "金板",
  "item.changed_xtras.the_debug_item": "调试物品",
  "item.changed_xtras.snepsite_steelite_alloy": "司太立合金",
  "item.changed_xtras.enderdragons_soul": "末影龙魂",
  "item.changed_xtras.lead_ingot": "铅锭",
  "block.changed_xtras.aluminum_ore": "铝矿",
  "advancements.darkest_star.title": "至暗之星",
  "advancements.cookiiiiiiiiiiiiiiiii.title": "曲奇？！！？！？！？！？！？",
  "item.changed_xtras.iron_screw": "铁螺丝",
  "item.changed_xtras.blueprint": "蓝图",
  "block.changed_xtras.reality_stablizer": "现实稳定器",
  "item.changed_xtras.nice_glasses": "酷炫墨镜",
  "block.changed_xtras.compressed_darkness": "压缩黑暗",
  "advancements.link_this_mob_to_that_fence.descr": "获取铅锭",
  "item.changed_xtras.police_baton": "警棍",
  "advancements.not_painite.title": "不是硅硼钙铝石？",
  "fluid.changed_xtras.rare_fluid": "死亡流体",
  "gui.changed_xtras.reactor_interface.label_empty": "物品",
  "item.changed_xtras.ruby_sword": "红宝石剑",
  "gui.changed_xtras.armor_fab_gui.label_output": "输出",
  "item.changed_xtras.coalnite": "煤石",
  "item.changed_xtras.purified_snepsi": "提纯的 Snepsi",
  "item.changed_xtras.aluminum_cluster": "铝簇",
  "block.changed_xtras.industrialized_planks": "工业化木板",
  "item.changed_xtras.steelite_helmet": "司太立合金头盔",
  "item.changed_xtras.sheet_cutting_shears": "板材剪切剪",
  "block.changed_xtras.uranium_ore": "铀矿石",
  "item.changed_xtras.master_cut_amethyst": "完美切割紫水晶",
  "item.changed_xtras.the_heart_of_machine": "机械之心",
  "item.changed_xtras.honey_cookie": "蜂蜜曲奇",
  "item.changed_xtras.ultimate_blaze_rod": "终极烈焰棒",
  "item.changed_xtras.voideric_entity_spawn_egg": "实体刷怪蛋",
  "item.changed_xtras.master_circuit": "主电路",
  "gamerule.barkEnabled": "启用树皮功能？",
  "item.changed_xtras.oldexp_009music_disc_2": "音乐唱片",
  "item.changed_xtras.raw_tungsten": "粗钨",
  "subtitles.old_experiment_009_phase_1": "",
  "advancements.blessing.descr": "食用禁忌苹果",
  "subtitles.snowy_time_musc": "Snow Filled Lands",
  "item.changed_xtras.gentle_pickaxe": "温和镐",
  "entity.changed_xtras.demi_god_phase_2": "半神",
  "item.changed_xtras.tscdeadsaber": "惊雷科技光剑",
  "item.changed_xtras.steelite_pickaxe": "司太立合金镐",
  "item.changed_xtras.steelite_chestplate": "司太立合金胸甲",
  "entity.changed_xtras.demigod": "敌对生物",
  "entity.changed_xtras.voideric_entity": "实体",
  "item.changed_xtras.crude_desh_ingot": "粗制Desh锭",
  "item.changed_xtras.golem_3_spawn_egg": "复合傀儡刷怪蛋",
  "item.changed_xtras.long_lasting_nvg_battery": "长效夜视镜电池",
  "item.changed_xtras.shattered_edner_bearl": "破碎的末影珍珠",
  "gui.changed_xtras.anti_matter_materializer_gui.label_matter": "物质",
  "item.changed_xtras.simple_plate": "简易板",
  "block.changed_xtras.green_caution": "生物危害警告瓷砖",
  "block.changed_xtras.heart_block": "心脏方块",
  "block.changed_xtras.vantablack": "超级黑体",
  "advancements.impossiblitys.descr": "它们...永无止境...",
  "item.changed_xtras.raw_plutonium": "粗钚",
  "item.changed_xtras.coal_cobweb": "煤蛛网",
  "block.changed_xtras.pile_of_rare_plants": "死亡植物堆",
  "item.changed_xtras.snow_filled_lands": "音乐唱片",
  "item.changed_xtras.dura_iron": "耐铁",
  "item.changed_xtras.honeycomb_stew": "蜂窝炖菜",
  "item.changed_xtras.infinity_trophy": "无尽奖杯",
  "item.changed_xtras.opal_sword": "蛋白石剑",
  "item.changed_xtras.golden_alloy_sword": "黄金合金剑",
  "item.changed_xtras.stainless_mixture": "不锈钢混合物",
  "block.changed_xtras.x_tech_plutonium_core": "X-Tech 钚核心",
  "item.changed_xtras.rare_fluid_bucket": "死亡流体",
  "gui.changed_xtras.stablize.button_stablize": "稳定",
  "item.changed_xtras.mutated_latex_x_007": "变异胶液：X-007",
  "block.changed_xtras.full_grass_block": "灰烬方块",
  "advancements.not_infectious.title": "非传染性！",
  "advancements.refinining_time.title": "精炼再精炼...",
  "item.changed_xtras.steelite_ingot": "司太立合金锭",
  "item.changed_xtras.bonebattest": "骨制战斗测试器",
  "subtitles.battle": "Battle",
  "item.changed_xtras.steelite_axe": "司太立合金斧",
  "item.changed_xtras.lead_infused_uranium": "铅灌注铀",
  "item.changed_xtras.syringe_of_invisibility": "隐身注射器",
  "item.changed_xtras.plutonium_desh_sheet": "钚-Desh板",
  "item.changed_xtras.hazmat_suit_part_1": "防化服 第1部分",
  "item.changed_xtras.hazmat_suit_part_4": "防化服 第4部分",
  "item.changed_xtras.tsc_saber": "惊雷科技光剑",
  "item.changed_xtras.hazmat_suit_part_2": "防化服 第2部分",
  "item.changed_xtras.hazmat_suit_part_3": "防化服 第3部分",
  "item.changed_xtras.experimented_circuit": "实验电路",
  "item.changed_xtras.netherite_hammer": "下界合金锤",
  "item.changed_xtras.mutated_latex_x_778": "变异胶液：X-778",
  "block.changed_xtras.nuclear_waste_chunk": "核废料块",
  "item.changed_xtras.repaired_steel_sword": "修复的钢剑",
  "item.changed_xtras.refined_diamond": "精炼钻石",
  "item.changed_xtras.authorizum": "授权石",
  "item.changed_xtras.subparium": "亚铱",
  "advancements.this_is_just_the_beginning.descr": "极度痛苦",
  "advancements.blazing.title": "§6§o惊雷！",
  "item.changed_xtras.foxite": "狐石",
  "item.changed_xtras.emberium_core": "§6§o惊雷核心",
  "block.changed_xtras.emberium_reactor": "§6§o惊雷 §r反应堆",
  "item.changed_xtras.makeshift_emerald_boots": "临时绿宝石靴子",
  "item.changed_xtras.music_disc_1.desc": "Elevator",
  "entity.changed_xtras.dark_spider": "黑暗蜘蛛",
  "item.changed_xtras.cosmic_dust": "宇宙尘埃",
  "advancements.steelite_hoe_advancement.title": "最严肃的奉献",
  "item.changed_xtras.vantablack_painted_sword": "超级黑体涂装剑",
  "item.changed_xtras.darkombie_spawn_egg": "黑暗僵尸刷怪蛋",
  "item.changed_xtras.complex_circuit_part_one": "复合电路 第一部分",
  "item.changed_xtras.refined_dura_iron": "精炼耐铁",
  "item.changed_xtras.chorus_stew": "紫颂炖菜",
  "item.changed_xtras.simple_circuit": "简易电路",
  "advancements.hammah_time.title": "锤子时间",
  "item.changed_xtras.dark_spider_spawn_egg": "黑暗蜘蛛刷怪蛋",
  "block.changed_xtras.nuk_v_2": "核弹 V2 - 堡垒克星",
  "item.changed_xtras.netherite_rod": "下界合金棒",
  "item.changed_xtras.redstone_mixture": "红石混合物",
  "item.changed_xtras.club": "骨棒",
  "entity.minecraft.villager.changed_xtras.mayor": "市长",
  "item.changed_xtras.dark_flesh": "黑暗腐肉",
  "item.changed_xtras.raw_desh": "粗制Desh",
  "advancements.flesh_of_gods.descr": "携带此物，可免于一死",
  "item.changed_xtras.steel_sword": "钢剑",
  "advancements.caution.descr": "前方焚化警告",
  "item.changed_xtras.complex_circuit": "复合电路",
  "block.changed_xtras.makeshift_bomb": "简易炸药",
  "item.changed_xtras.circuit_part_one": "电路 第一部分",
  "item.changed_xtras.desh_ingot": "Desh锭",
  "item.changed_xtras.refined_opal": "精炼蛋白石",
  "item.changed_xtras.electrified_blaze_rod": "§6带电烈焰棒",
  "item.changed_xtras.bone_brick": "骨砖",
  "item.changed_xtras.officers_tsc_baton": "警用的惊雷科技电棍",
  "item.changed_xtras.golem_2_spawn_egg": "强化傀儡刷怪蛋",
  "block.changed_xtras.vent_bottom": "通风口底盖",
  "item.changed_xtras.circuit_part_two": "电路 第二部分",
  "item.changed_xtras.ruby_circuit": "红宝石电路",
  "item.changed_xtras.copper_screw": "铜螺丝",
  "item.changed_xtras.asbestos": "石棉",
  "block.changed_xtras.refinery": "精炼厂",
  "advancements.machine_crafting.descr": "太神奇了。",
  "item.changed_xtras.steel_foil": "钢箔",
  "item.changed_xtras.netherite_plate": "下界合金板",
  "block.changed_xtras.poudetteite_ore": "硅硼钙铝石矿",
  "item.changed_xtras.spider_web": "蛛网",
  "item.changed_xtras.infinite_star": "无尽之星",
  "item.changed_xtras.chiefs_tsc_baton": "军用惊雷科技电棍",
  "item.changed_xtras.mutated_heart_container": "变异心之容器",
  "item.changed_xtras.cloth": "布料",
  "item.changed_xtras.hammer_head": "锤头",
  "item.changed_xtras.poudetteite": "硅硼钙铝石",
  "block.changed_xtras.anti_matter_bomb": "反物质炸弹",
  "gui.changed_xtras.reactor_gui.label_fuel": "燃料",
  "item.changed_xtras.cooki": "普通曲奇",
  "item.changed_xtras.deoratic_laser_crystal": "装饰性激光晶体",
  "item.changed_xtras.raw_uranium": "粗铀"
}